date,home,away,tournament,h_elo,a_elo,elo_diff,elo_sum,h_gf,h_ga,h_tot,a_gf,a_ga,a_tot,h_rest,a_rest,neutral,importance,hg,ag,Over25,draw,btts,over1.5,over2.5,over3.5,over4.5,over5.5,lam_h,lam_a,bucket
2010-06-11,0.2861772730529118,0.4121518630183843,FIFA World Cup,1681.437834232762,1965.3671823044883,-183.92934807172628,3646.8050165372506,2.0,0.4,2.4,1.4,0.8,2.2,6,8,0,60,1.0,1.0,0,0.3016708639287039,0.40367719423078224,0.6049147249262387,0.3343549538010659,0.15030555972375073,0.05640529328903237,0.018079668450269103,0.898772,1.1419903,"(0.0, 0.3]"
2010-06-11,0.38388228500623844,0.3431210585275569,FIFA World Cup,1870.408897925313,1881.4059469146569,-10.997048989343511,3751.81484483997,1.6,1.0,2.6,1.5,0.9,2.4,16,7,1,60,0.0,0.0,0,0.27299665646620463,0.49817119655650843,0.7022067544360548,0.44319977523855514,0.23171005104128153,0.10219258520033414,0.038738820639314504,1.2672096,1.1824123,"(0.3, 0.45]"
2010-06-12,0.5156374496785815,0.21754067703288507,FIFA World Cup,1840.023169758112,1754.8833872045975,85.13978255351435,3594.906556962709,1.7,0.6,2.3,1.1,1.4,2.5,9,10,1,60,2.0,0.0,0,0.26682187328853335,0.436850546596937,0.6690714661006741,0.40387498749731127,0.2005857803856788,0.0837106376262829,0.029955500542086747,1.4567548,0.8429274,"(0.45, 0.6]"
2010-06-12,0.519978980074723,0.22768026842145422,FIFA World Cup,1930.9376663510816,1822.3985730891343,108.53909326194751,3753.336239440216,2.3,1.0,3.3,1.5,0.8,2.3,19,6,1,60,1.0,0.0,0,0.25234075150382296,0.48767082049436367,0.7192481868078353,0.4644203544946957,0.2493273001696539,0.11316177147058393,0.04420166017706502,1.5797278,0.9524884,"(0.45, 0.6]"
2010-06-12,0.7243161201699122,0.11033375036452278,FIFA World Cup,2018.7890987748117,1832.720294990712,186.0688037840996,3851.509393765524,2.6,0.9,3.5,1.7,2.0,3.7,13,7,1,60,1.0,1.0,0,0.1653501294655649,0.5182980449441548,0.8377958679950437,0.6346270100176451,0.4131078336052739,0.23196265463839907,0.11345887038143118,2.4309556,0.84000593,"(0.6, 0.75]"
2010-06-13,0.310911994967582,0.4188258997887077,FIFA World Cup,1643.367782066481,1700.7581188554443,-57.39033678896385,3344.125900921925,0.6,1.6,2.2,2.3,0.7,3.0,8,9,1,60,0.0,1.0,0,0.27026210524371036,0.49785336594925583,0.7051220491033282,0.44678045066407807,0.23464193698864919,0.10399297475327772,0.039623140016732866,1.1189942,1.344471,"(0.3, 0.45]"
2010-06-13,0.5134123683158837,0.22780960760629979,FIFA World Cup,1975.1304688450743,1854.7268031608096,120.40366568426498,3829.857272005884,2.1,0.5,2.6,1.4,1.0,2.4,10,8,1,60,4.0,0.0,1,0.25877802407781675,0.4696689940031836,0.7001318138737475,0.44066281908084964,0.22964164139070728,0.10092702135698028,0.038118336117799564,1.5211725,0.9186702,"(0.45, 0.6]"
2010-06-13,0.5588159635712229,0.18317103766208656,FIFA World Cup,1867.003036012692,1763.175711490141,103.8273245225505,3630.178747502833,1.9,0.7,2.6,0.7,1.0,1.7,8,8,1,60,0.0,1.0,0,0.25801299876669065,0.4135452044664204,0.664526613056712,0.39867107403917573,0.19661309698893642,0.08143562248385758,0.028912675052508444,1.5294862,0.7506015,"(0.45, 0.6]"
2010-06-14,0.5494094066961202,0.19781904222361152,FIFA World Cup,1965.642103234688,1801.6265968895311,164.01550634515684,3767.2687001242193,1.2,0.7,1.9,1.0,1.2,2.2,9,12,1,60,1.0,1.0,0,0.25277155108026833,0.4481814116826235,0.6934441523154885,0.43255632320111187,0.22309039322474525,0.09695579362553884,0.03619197502134982,1.5763164,0.8323732,"(0.45, 0.6]"
2010-06-14,0.342924805984008,0.38596244406390534,FIFA World Cup,1769.3804340295358,1796.988497047269,-27.60806301773323,3566.368931076805,1.0,1.4,2.4,1.4,1.7,3.1,10,9,1,60,1.0,0.0,0,0.27111274995208645,0.503986269069768,0.7081672684579335,0.45054248522406115,0.23774037701062117,0.1059069698409729,0.040569093663445126,1.1940315,1.2840155,"(0.3, 0.45]"
2010-06-14,0.6645965274283054,0.12373983644460654,FIFA World Cup,2060.3966901295867,1783.6090837145632,276.78760641502345,3844.00577384415,2.0,0.6,2.6,0.9,0.8,1.7,9,9,1,60,2.0,0.0,0,0.2116636361270879,0.4105867810681087,0.7214412619233992,0.4671991747217062,0.2516715048392436,0.11464017085682324,0.044941142409136894,1.880623,0.6625555,"(0.6, 0.75]"
2010-06-15,0.8540264232476223,0.04031587399963291,FIFA World Cup,2118.6059470552095,1629.0906181180308,489.5153289371788,3747.69656517324,2.2,0.6,2.8,1.6,1.2,2.8,8,9,1,60,2.0,1.0,1,0.10565770275274479,0.3621974761429713,0.8442370617934609,0.6451971524987801,0.42463219113898193,0.24131882064945892,0.11943620940219839,2.8387563,0.48567688,"(0.75, 1.0]"
2010-06-15,0.28216353865128724,0.4537487889158991,FIFA World Cup,1834.6193868851296,1897.6469201858467,-63.027533300717096,3732.266307070976,1.7,1.0,2.7,1.9,0.2,2.1,11,7,1,60,0.0,0.0,0,0.2640876724328135,0.5015662358131604,0.7145993988828041,0.458561840123965,0.24440575057835198,0.11006169893278842,0.04264050441680724,1.0733149,1.4359586,"(0.0, 0.3]"
2010-06-15,0.47791688399686033,0.25749713559382365,FIFA World Cup,1698.4108333191984,1687.5289009617538,10.881932357444612,3385.9397342809525,0.7,1.5,2.2,1.2,0.9,2.1,11,10,1,60,1.0,1.0,0,0.26458598040931586,0.4820645358115377,0.7013631895423237,0.4421670632993735,0.2308669228598153,0.10167590253975953,0.03848495644150529,1.4540287,0.9916113,"(0.45, 0.6]"
2010-06-16,0.7917854306530825,0.0661861773936801,FIFA World Cup,2148.1371505328984,1780.0443147485462,368.09283578435225,3928.1814652814446,3.4,0.7,4.1,1.1,0.8,1.9,8,11,1,60,0.0,1.0,0,0.1420283919532372,0.4018635263583561,0.8100661847742152,0.5907442463027178,0.3667906398671445,0.19527832496248074,0.09019772498591727,2.4864883,0.57686603,"(0.75, 1.0]"
2010-06-16,0.3046820065332187,0.40452455486765343,FIFA World Cup,1695.9853021606189,1871.3581424856352,-75.37284032501634,3567.3434446462543,1.8,0.5,2.3,1.4,0.8,2.2,5,5,0,60,0.0,3.0,1,0.29079343859912793,0.4379157028770632,0.6411923538847073,0.37264316385387247,0.17725580679888722,0.070637855467842,0.024094874520184655,0.9923289,1.1903702,"(0.3, 0.45]"
2010-06-16,0.2608895951708318,0.4701684438251012,FIFA World Cup,1780.6119578887085,1914.5680744233705,-133.956116534662,3695.1800323120783,1.1,1.5,2.6,1.6,0.4,2.0,11,17,1,60,0.0,1.0,0,0.2689419610040671,0.4725606477910852,0.6900608874571686,0.42849563110975675,0.2198418228423881,0.0950075492300398,0.03525845191817537,0.97930455,1.4138322,"(0.0, 0.3]"
2010-06-17,0.4685942436410681,0.27199515464142776,FIFA World Cup,1951.859082684109,1874.2113862091817,77.64769647492744,3826.07046889329,2.2,1.0,3.2,1.7,0.6,2.3,5,5,1,60,4.0,1.0,1,0.25941060171750424,0.5085715492423674,0.7244461659007237,0.4710357232110374,0.25494053629544344,0.11673452164058845,0.0460216001381257,1.4890184,1.0692248,"(0.45, 0.6]"
2010-06-17,0.27998826861491627,0.4554470789788361,FIFA World Cup,1880.456702354335,1950.8197143766315,-70.36301202229652,3831.2764167309665,1.4,0.8,2.2,1.3,0.8,2.1,6,6,1,60,0.0,2.0,0,0.2645646524062476,0.49874873243588025,0.7122281558689703,0.45559367306225407,0.24192884870743625,0.10851149769339204,0.041864347493150565,1.0637561,1.4339381,"(0.0, 0.3]"
2010-06-17,0.2702715880125698,0.46335450302308495,FIFA World Cup,1720.695170753528,1801.4771567561072,-80.78198600257929,3522.172327509635,1.1,1.4,2.5,1.4,0.6,2.0,5,5,1,60,2.0,1.0,1,0.26637390896434526,0.48682170977371464,0.7023873783694782,0.4434207827089785,0.2318901173104051,0.10230229646664052,0.03879187057394579,1.0229814,1.4274968,"(0.0, 0.3]"
2010-06-18,0.813568400229418,0.05209854890873312,FIFA World Cup,2004.100757100237,1618.2786780146057,385.82207908563146,3622.379435114842,2.1,1.0,3.1,0.5,1.7,2.2,6,5,1,60,0.0,0.0,0,0.1343330508618488,0.343520689754647,0.7921188018258205,0.5638033784871895,0.33982747548279857,0.17503832854386636,0.07804409805888898,2.4726918,0.47028816,"(0.75, 1.0]"
2010-06-18,0.6085390903096256,0.16532944520074816,FIFA World Cup,2012.6316680095076,1828.2955409227145,184.3361270867931,3840.927208932222,2.3,0.5,2.8,1.8,0.7,2.5,5,5,1,60,0.0,1.0,0,0.2261314644896261,0.46698754180889873,0.7375165707744807,0.4879702082277368,0.26956640041014807,0.12620559528033812,0.050923682742869354,1.8077797,0.8178303,"(0.6, 0.75]"
2010-06-18,0.2718653566183754,0.46711869417107627,FIFA World Cup,1725.8472229073195,1847.4086366652868,-121.5614137579671,3573.255859572607,2.4,0.6,3.0,1.5,1.9,3.4,5,6,1,60,2.0,2.0,1,0.26101594921054827,0.50366486799667,0.7194651648009921,0.46469562748449034,0.24956052392009365,0.11331058228706224,0.0442784390898544,1.0590986,1.4741921,"(0.0, 0.3]"
2010-06-19,0.6141846345595975,0.15164915040580346,FIFA World Cup,2075.599278986119,1801.7593009865252,273.83997799959366,3877.358579972644,2.0,0.4,2.4,0.8,1.2,2.0,5,5,1,60,1.0,0.0,0,0.23416621503459917,0.4173171843712332,0.6967834223443387,0.43658960211815145,0.2263370502193304,0.09891434027120996,0.03713512526948664,1.7125025,0.71168137,"(0.6, 0.75]"
2010-06-19,0.3698993058603444,0.3425478124882014,FIFA World Cup,1801.883206580119,1817.225603996376,-15.342397416257429,3619.1088105764943,0.8,1.0,1.8,1.1,1.4,2.5,6,6,1,60,1.0,1.0,0,0.28755288165145454,0.45509652863486655,0.6566371660591462,0.3897440137670268,0.18987964815370215,0.07762752319576581,0.02719116043983453,1.1506948,1.0958712,"(0.3, 0.45]"
2010-06-19,0.394853505699365,0.32827966964492045,FIFA World Cup,1764.6096300902796,1768.4064948580312,-3.7968647677516856,3533.016124948311,1.1,1.7,2.8,0.8,0.9,1.7,5,5,1,60,1.0,2.0,1,0.2768668246557146,0.4836277790329105,0.6881605852874505,0.426226180975163,0.21803516790093191,0.09392919744239202,0.03474396489649249,1.2607168,1.1237468,"(0.3, 0.45]"
2010-06-20,0.7215369367874709,0.10615577679058291,FIFA World Cup,2121.987892666315,1840.002697969628,281.9851946966869,3961.990590635943,2.3,0.7,3.0,1.4,1.0,2.4,5,5,1,60,3.0,1.0,1,0.17230728642194612,0.4764760789367151,0.8085084678969267,0.5883772331167573,0.36440455196618865,0.19349367935012288,0.08915764612204241,2.2979708,0.75438136,"(0.6, 0.75]"
2010-06-20,0.6549800935798887,0.12744259055474,FIFA World Cup,1952.445882998731,1697.4715188799064,254.9743641188245,3649.917401878637,1.3,0.8,2.1,0.8,1.1,1.9,6,5,1,60,1.0,1.0,0,0.21757731586537105,0.40464815535800974,0.7101470465395286,0.45299634627119945,0.23976486798658772,0.10715489467911646,0.041178125537607156,1.8298972,0.65772754,"(0.6, 0.75]"
2010-06-20,0.24262905617765196,0.47835610901850395,FIFA World Cup,1688.468215401046,1814.8228171254889,-126.35460172444276,3503.2910325265348,1.2,0.9,2.1,0.9,1.2,2.1,5,6,1,60,0.0,2.0,0,0.279014834803844,0.43109741599886237,0.6505851245493707,0.3829839887509282,0.18484552129674944,0.07481557270940371,0.025934243438261725,0.87307304,1.3482008,"(0.0, 0.3]"
2010-06-21,0.7857204526300277,0.06561467795652964,FIFA World Cup,2094.5734796513275,1761.637659510169,332.9358201411585,3856.211139161496,2.9,0.8,3.7,0.9,1.3,2.2,5,5,1,60,2.0,0.0,0,0.14866486941344256,0.3757850549351161,0.7875433285895523,0.5571130095234086,0.33331258958634197,0.17029163329359512,0.07529330505783963,2.3789713,0.5347132,"(0.75, 1.0]"
2010-06-21,0.647843885167345,0.13563217090797472,FIFA World Cup,1892.2636091013485,1625.7086725069253,266.554936594423,3517.9722816082735,1.8,0.1,1.9,1.6,1.3,2.9,6,6,1,60,7.0,0.0,1,0.21652394392468038,0.42804325268666477,0.7257729375263083,0.4727313360784548,0.256382164682448,0.11764915488509066,0.04647958068892564,1.8572918,0.7076916,"(0.6, 0.75]"
2010-06-21,0.4968377803082912,0.2296430382560841,FIFA World Cup,1933.54237280191,1833.607985630117,99.9343871717931,3767.150358432027,1.6,0.4,2.0,1.0,0.8,1.8,5,5,1,60,1.0,0.0,0,0.27351918143562465,0.43283167828161634,0.6583397121648588,0.3916591504358392,0.19131553505958945,0.07843451751805385,0.027553438638519875,1.3986578,0.85509044,"(0.45, 0.6]"
2010-06-22,0.19943670349532178,0.5783522719055044,FIFA World Cup,1757.5474122280102,1992.8174797790691,-235.2700675510589,3750.364892007079,1.3,1.3,2.6,2.4,1.0,3.4,5,5,1,60,0.0,2.0,0,0.22221102459917383,0.5414151929421425,0.7863595096038576,0.5554118757509706,0.3317002050847502,0.1691733886458624,0.07471263572011547,1.015221,1.8907841,"(0.0, 0.3]"
2010-06-22,0.45589497991242517,0.27640680773706505,FIFA World Cup,1986.828852678871,1912.6441403017936,74.1847123770774,3899.472992980665,1.5,0.8,2.3,1.7,0.7,2.4,5,6,1,60,0.0,1.0,0,0.2676982123505099,0.4872431307658249,0.7011300296770676,0.44188214751946536,0.23063492435385605,0.10153438284571371,0.0384161100734203,1.4099032,1.0346363,"(0.45, 0.6]"
2010-06-22,0.29469258995791303,0.43744457751220533,FIFA World Cup,1764.624915281625,1833.2529891142212,-68.62807383259633,3597.877904395846,1.4,0.8,2.2,1.7,1.0,2.7,5,5,1,60,2.0,2.0,1,0.2678628325298816,0.4976030384955296,0.7077041827791475,0.4499688337903218,0.23726652307916563,0.10561324047930758,0.04042321311620941,1.088201,1.3876213,"(0.0, 0.3]"
2010-06-22,0.28298601483657676,0.4200337970544699,FIFA World Cup,1654.6993043444604,1844.4475640520957,-89.74825970763504,3499.146868396556,1.7,0.7,2.4,1.3,0.9,2.2,6,5,0,60,2.0,1.0,1,0.2969801881089532,0.41347773428744555,0.6172062438775122,0.34704054550333496,0.159034108493934,0.06090982614698904,0.019939421349108474,0.91021425,1.177465,"(0.0, 0.3]"
2010-06-23,0.28691974782313656,0.4485841282367727,FIFA World Cup,1815.9016953472783,1872.8698585216457,-56.96816317436696,3688.771553868924,1.1,1.2,2.3,1.4,0.7,2.1,4,5,1,60,2.0,1.0,1,0.26449612394009075,0.5032852844310303,0.7152456839267675,0.4593732281016288,0.24508488199104841,0.11048805191004231,0.04285467101304639,1.0854003,1.427043,"(0.0, 0.3]"
2010-06-23,0.26199664801486505,0.4729680029016994,FIFA World Cup,1803.207115229216,1968.0573504105769,-164.8502351813604,3771.264465639793,0.9,1.1,2.0,2.1,0.6,2.7,4,5,1,60,0.0,1.0,0,0.2650353490834358,0.4844230787260637,0.7023764281800394,0.44340730787767857,0.23187901549489667,0.10229536544580692,0.03878831522234735,1.0039054,1.4465214,"(0.0, 0.3]"
2010-06-23,0.19161340898261361,0.5797162393753483,FIFA World Cup,1735.9353463060354,1979.9737419527617,-244.03839564672603,3715.909088258797,2.1,0.8,2.9,1.9,0.8,2.7,5,5,1,60,0.0,1.0,0,0.22867035164203828,0.5076714122675893,0.7591217095613301,0.5169624554967701,0.2955072888766806,0.14361636379461595,0.06027361420101053,0.9341862,1.8093203,"(0.0, 0.3]"
2010-06-23,0.6953482313470927,0.11691970322806554,FIFA World Cup,1837.3205132665712,1642.405693162081,194.91482010449025,3479.7262064286524,1.5,1.9,3.4,0.5,1.4,1.9,5,5,1,60,1.0,0.0,0,0.18773206542484186,0.4612785921607008,0.7813287109231132,0.5481348288261789,0.32467723931349385,0.1640813849267669,0.07174698356694673,2.1340704,0.74067384,"(0.6, 0.75]"
2010-06-24,0.15740698723686022,0.5987083204383756,FIFA World Cup,1659.148438355072,1933.682969747177,-274.53453139210455,3592.831408102249,1.0,0.9,1.9,1.2,0.9,2.1,4,4,1,60,3.0,2.0,1,0.24388469232476415,0.4043963407158516,0.6762728170388145,0.41221082910785894,0.2070176581281918,0.0874314264636216,0.031675704241659955,0.6983371,1.6328561,"(0.0, 0.3]"
2010-06-24,0.5344134472911418,0.1990816758196013,FIFA World Cup,1844.1425941714624,1716.2344321314606,127.9081620400018,3560.377026302923,1.1,1.0,2.1,0.9,1.0,1.9,4,4,1,60,0.0,0.0,0,0.2665048768892568,0.41523667475599146,0.6551776069826197,0.3881061537374296,0.18865385868779122,0.07693876095686845,0.02688062326364764,1.4632281,0.77720934,"(0.45, 0.6]"
2010-06-24,0.11149195036105601,0.6937717921947529,FIFA World Cup,1734.9374646976792,2085.8780640950677,-350.9405993973885,3820.8155287927466,1.2,1.8,3.0,1.8,0.4,2.2,5,5,1,60,1.0,2.0,1,0.19473625744419107,0.42229253463980504,0.7503591387809755,0.5050449166715071,0.28469734736894275,0.1362559396102372,0.056255596126966026,0.66600144,2.028676,"(0.0, 0.3]"
2010-06-24,0.39360741717631376,0.3155240235161794,FIFA World Cup,1798.0786602506316,1791.4805158775762,6.598144373055447,3589.5591761282076,0.9,0.9,1.8,0.8,1.3,2.1,5,5,1,60,1.0,3.0,1,0.2908685593075069,0.44105607661931345,0.6432368383463806,0.3748786731693199,0.17888540457869542,0.07152880158277454,0.024484572810215117,1.1730225,1.0180038,"(0.3, 0.45]"
2010-06-25,0.46114133019119,0.26079697390507645,FIFA World Cup,1812.0066644602896,1750.0952746153905,61.91138984489908,3562.10193907568,1.0,0.9,1.9,0.8,1.5,2.3,4,4,1,60,0.0,0.0,0,0.27806169590373364,0.4479109043616156,0.6629768917369605,0.3969076135400223,0.19527589967415454,0.080676005864557,0.02856858522374402,1.3400352,0.9334146,"(0.45, 0.6]"
2010-06-25,0.24284270177388426,0.5016034975497887,FIFA World Cup,1955.143693971737,2106.115864546106,-150.97217057436865,4061.2595585178433,1.5,0.3,1.8,2.8,0.8,3.6,4,4,1,60,1.0,2.0,1,0.255553800676327,0.49466639828214803,0.7199760417103783,0.46534275212557547,0.25010675220259365,0.11365600845346217,0.044452694969273454,0.99115175,1.5446832,"(0.0, 0.3]"
2010-06-25,0.1974540816932799,0.5629700419961708,FIFA World Cup,1601.766578165781,1825.174397364272,-223.4078191984911,3426.940975530053,1.2,2.0,3.2,1.3,1.1,2.4,4,5,1,60,0.0,3.0,1,0.23957587631054927,0.4842853493595914,0.7320933616809134,0.48089044297215366,0.2634059075459064,0.12218683833872654,0.0488287010581833,0.89802444,1.6992925,"(0.0, 0.3]"
2010-06-25,0.16810303741585558,0.6085026404044522,FIFA World Cup,1916.2057034424924,2136.816193271671,-220.61048982917873,4053.021896714163,2.4,0.1,2.5,2.3,0.7,3.0,4,5,1,60,0.0,0.0,0,0.22339432217969216,0.48059182440272236,0.7490385896550309,0.5032726878011485,0.2831154722066046,0.13520276580777482,0.05570260078200092,0.8469599,1.8404416,"(0.0, 0.3]"
2010-06-26,0.515417626043109,0.22545414677912662,FIFA World Cup,1948.9541598690137,1827.4030502601788,121.55110960883484,3776.357210129193,1.8,0.6,2.4,1.4,1.2,2.6,4,4,1,60,2.0,1.0,1,0.25912822717776424,0.4660795270118718,0.6973931556190179,0.43733067803525966,0.22693882245652933,0.0992827685004038,0.03731813373135063,1.5188111,0.908204,"(0.45, 0.6]"
2010-06-26,0.5513126643711953,0.20483037576110724,FIFA World Cup,1852.0587215947623,1786.4614042890023,65.59731730576004,3638.520125883765,1.6,1.8,3.4,0.8,0.9,1.7,3,3,1,60,1.0,2.0,1,0.24385695986769731,0.4827671040991826,0.7260979983632856,0.47315105408551544,0.256745635153323,0.11788853566275602,0.046610120643122026,1.6599872,0.9066232,"(0.45, 0.6]"
2010-06-27,0.35524059912304123,0.35163118213556394,FIFA World Cup,1984.8030613507904,1991.797093322192,-6.994031971401682,3976.600154672982,1.8,0.6,2.4,1.8,0.7,2.5,4,4,1,60,4.0,1.0,1,0.293128218741395,0.4400052815026003,0.639866229368145,0.37119772101472026,0.1762055060255354,0.07006551550502797,0.02384542374057164,1.0922282,1.0850893,"(0.3, 0.45]"
2010-06-27,0.4626372444062255,0.2883500749683305,FIFA World Cup,2011.2822804157097,1950.518833111651,60.763447304058445,3961.801113527361,2.5,1.0,3.5,1.5,0.9,2.4,5,5,1,60,3.0,1.0,1,0.24901268062544393,0.5528256535619048,0.7638605095492731,0.5234969102271647,0.3015159921440293,0.1477629026620875,0.06256634530254564,1.5776937,1.1928704,"(0.45, 0.6]"
2010-06-28,0.5598219436935641,0.18118117218608024,FIFA World Cup,2119.972285105338,1937.4167687866488,182.55551631868911,4057.389053891987,1.9,0.5,2.4,1.4,0.4,1.8,3,3,1,60,3.0,0.0,1,0.25899688412035565,0.40818727512965364,0.6597959648990299,0.3933018786171967,0.19255048792520468,0.07913018254322714,0.02786611656152447,1.52118,0.7387357,"(0.45, 0.6]"
2010-06-28,0.7389938447309596,0.08266926949717632,FIFA World Cup,2092.904108706254,1708.903664502311,384.0004442039433,3801.807773208565,1.9,0.5,2.4,1.1,1.1,2.2,4,4,1,60,2.0,1.0,1,0.17833688577186393,0.3660829157872524,0.7401972896638124,0.4914908100307627,0.27264217407902647,0.128210697478775,0.05195543057355407,2.0999773,0.53986514,"(0.6, 0.75]"
2010-06-29,0.37203672266664045,0.35822229263222255,FIFA World Cup,1833.5714386551256,1837.3350075279657,-3.763568872839869,3670.9064461830912,1.0,0.8,1.8,1.1,1.4,2.5,5,5,1,60,0.0,0.0,0,0.26974098470113694,0.5098893233754608,0.7135792459048493,0.45728343660995574,0.24333792894142964,0.10939305374778939,0.04230595372440635,1.2666433,1.2376369,"(0.3, 0.45]"
2010-06-29,0.5843205778350312,0.1671057162277996,FIFA World Cup,2123.8427897311944,1933.0496116088257,190.79317812236877,4056.89240134002,2.8,0.8,3.6,2.1,0.1,2.2,4,4,1,60,1.0,0.0,0,0.24857370593716907,0.4105220704240999,0.6743169499674089,0.4099355756024744,0.20525335867508718,0.08640569960602991,0.0311990821353749,1.6003617,0.7222174,"(0.45, 0.6]"
2010-07-02,0.2921023877196281,0.42152577673644226,FIFA World Cup,2098.832885296819,2147.1733015110353,-48.340416214216475,4246.006186807854,2.1,0.6,2.7,2.1,0.3,2.4,4,4,1,60,2.0,1.0,1,0.28637183554392964,0.4445005414541896,0.6508647651259489,0.3832948270786261,0.18507601249665606,0.0749439698024602,0.025991737478498225,0.9817139,1.2407198,"(0.0, 0.3]"
2010-07-02,0.5075837660992913,0.22355278529595235,FIFA World Cup,1968.866825600804,1822.0591748469851,146.8076507538185,3790.926000447789,1.7,0.6,2.3,0.9,1.0,1.9,6,6,1,60,1.0,1.0,0,0.26886344860475647,0.4382994179518436,0.6675684899972748,0.4021493214204914,0.19926493780386523,0.08295248380078185,0.029607473346815173,1.4381887,0.8549884,"(0.45, 0.6]"
2010-07-03,0.4383642450094548,0.30184419079518415,FIFA World Cup,2048.4914448546706,2038.3597668320567,10.131678022613867,4086.8512116867273,2.7,0.9,3.6,2.1,0.7,2.8,6,6,1,60,0.0,4.0,1,0.25979156419536104,0.5259965169137861,0.7351524255957944,0.4848766824082341,0.26687003812129745,0.12444643661299953,0.05001023827439719,1.4531351,1.1600623,"(0.3, 0.45]"
2010-07-03,0.13005000179117265,0.659371087085513,FIFA World Cup,1833.896398604175,2138.846372794874,-304.94997419069887,3972.7427713990487,1.0,0.6,1.6,2.4,0.6,3.0,4,4,1,60,0.0,1.0,0,0.2105789111233145,0.43037446207372876,0.7347356021946396,0.48432757191104414,0.26638399666126317,0.12411798604592195,0.04982493013653572,0.70411384,1.9069475,"(0.0, 0.3]"
2010-07-06,0.21059034626209575,0.5440526635761009,FIFA World Cup,1956.8946219819825,2132.9802048467022,-176.08558286471975,4089.874826828685,1.6,0.6,2.2,2.3,0.7,3.0,4,4,1,60,2.0,3.0,1,0.24535699016180354,0.4864360919488459,0.7266379960451012,0.47384451782592923,0.2573394225102079,0.11827000319246693,0.04680636078286769,0.9226538,1.6466976,"(0.0, 0.3]"
2010-07-07,0.3106842131296421,0.4239334774735045,FIFA World Cup,2096.2496259058507,2147.688166423211,-51.43854051736071,4243.937792329062,2.4,0.6,3.0,2.3,0.5,2.8,4,4,1,60,0.0,1.0,0,0.2653823093968532,0.5126227565052054,0.720281679339877,0.46573091189590843,0.25043581700290973,0.11386587552201773,0.04456063129296935,1.1488092,1.3885443,"(0.3, 0.45]"
2010-07-10,0.25330606415570384,0.48889281963196135,FIFA World Cup,1940.9184197961572,2070.6590164426716,-129.7405966465144,4011.577436238829,1.8,0.8,2.6,2.2,0.5,2.7,4,3,1,60,2.0,3.0,1,0.25780111621233465,0.49803163016018126,0.7195357649813374,0.4647848861674899,0.24963561514301863,0.11335774721801918,0.04430185054590359,1.0155183,1.5181248,"(0.0, 0.3]"
2010-07-11,0.3454886177654134,0.3752351740919451,FIFA World Cup,2148.9564070325277,2173.2787758863906,-24.322368853862827,4322.235182918918,2.6,0.9,3.5,1.9,0.4,2.3,5,4,1,60,0.0,1.0,0,0.2792762081426415,0.47941944021405647,0.6825820724253574,0.41961058136820534,0.21280482674903736,0.09082785890832407,0.03327286210076278,1.1491874,1.2100693,"(0.3, 0.45]"
2014-06-12,0.7923386945527077,0.065614700472911,FIFA World Cup,2150.386889923529,1843.771862864409,406.61502705911994,3994.1587527879383,3.0,0.3,3.3,1.4,1.1,2.5,6,6,0,60,3.0,1.0,1,0.14204660497438118,0.39855165965292894,0.8084050852696499,0.5882053302052218,0.3642039921930989,0.193302577873155,0.08899143874959699,2.4809504,0.5708424,"(0.75, 1.0]"
2014-06-13,0.5244499366212733,0.21348870292654618,FIFA World Cup,2158.8090821923215,2012.5441232066528,146.26495898566873,4171.353205398975,1.7,0.5,2.2,2.0,0.8,2.8,6,9,1,60,1.0,5.0,1,0.26206136045218065,0.4443279003733995,0.6797236337966982,0.4162471956032194,0.2101659506461345,0.08927426917097132,0.03254014510088148,1.4967113,0.8497746,"(0.45, 0.6]"
2014-06-13,0.6411559031634919,0.1671180556939786,FIFA World Cup,1960.7239785547467,1794.2230551545388,166.50092340020797,3754.9470337092857,2.6,1.0,3.6,1.3,2.5,3.8,60,7,1,60,3.0,1.0,1,0.1917260411425296,0.5857675437993352,0.8430151715364135,0.6432283055859506,0.4225657334299281,0.23977604958785423,0.11864243569900376,2.2498279,1.0636418,"(0.6, 0.75]"
2014-06-13,0.5880081564686644,0.18519627030000116,FIFA World Cup,1898.9756873684184,1748.4494652617386,150.52622210667982,3647.425152630157,2.0,1.3,3.3,1.5,1.0,2.5,7,6,1,60,1.0,0.0,0,0.22679557323133426,0.5023968356278815,0.7581256696523003,0.5155973245314466,0.29425978878977366,0.14276109065682777,0.059804151756902506,1.8238447,0.9140316,"(0.45, 0.6]"
2014-06-14,0.48168404738567916,0.23591677392686783,FIFA World Cup,1964.5930309768617,1851.8561517387143,112.73687923814714,3816.449182715576,1.5,0.9,2.4,1.1,0.5,1.6,8,8,1,60,3.0,0.0,1,0.2823991786874531,0.41696519263438203,0.6370179336041133,0.36810487167262035,0.17396637925164177,0.06884944861024728,0.023316720011500962,1.3281723,0.83764094,"(0.45, 0.6]"
2014-06-14,0.45868062215738925,0.2700015679163449,FIFA World Cup,1953.791287227216,1917.9511451747271,35.840142052489,3871.742432401943,1.6,0.6,2.2,1.2,1.2,2.4,7,10,1,60,1.0,2.0,1,0.27131780992626586,0.4726456113289892,0.6873382248235184,0.4252463141360921,0.2172566509272602,0.09346505844279614,0.03452228933237845,1.3854903,0.99523556,"(0.45, 0.6]"
2014-06-14,0.4556020213571112,0.30609888048121986,FIFA World Cup,1882.1155390504557,1860.4127962601503,21.702742790305138,3742.528335310606,1.7,1.7,3.4,2.3,1.4,3.7,10,8,1,60,2.0,1.0,1,0.23829909816166878,0.6004544724118384,0.8037906079467257,0.5812312408920318,0.35720126136749947,0.18806852931281468,0.08591833990336804,1.6811562,1.338667,"(0.45, 0.6]"
2014-06-14,0.5974079183191593,0.17134472076848686,FIFA World Cup,1962.6347315455369,1784.8309651193404,177.8037664261965,3747.465696664877,2.0,0.7,2.7,1.2,1.4,2.6,10,8,1,60,1.0,3.0,1,0.23124736091235382,0.46393225653087333,0.7294505070257777,0.47746653485986423,0.260448106609795,0.12026955340070326,0.047833209857927037,1.7626781,0.8210389,"(0.45, 0.6]"
2014-06-15,0.6547998518860233,0.13985651740961763,FIFA World Cup,2054.527821623184,1818.9050882801007,235.62273334308335,3873.432909903285,2.3,0.7,3.0,1.8,1.2,3.0,8,12,1,60,2.0,1.0,1,0.20534363070435876,0.471432404495536,0.7654036232654697,0.5256324050735068,0.3034816459003563,0.1491127432021511,0.06329801735041755,1.9896216,0.78991246,"(0.6, 0.75]"
2014-06-15,0.5725102082468739,0.20334241918023882,FIFA World Cup,1926.7413453531303,1753.048372764937,173.69297258819347,3679.789718118068,3.1,0.5,3.6,1.3,1.9,3.2,7,8,1,60,3.0,0.0,1,0.22414737257288725,0.5413498282902248,0.7841832143991992,0.5522574701278867,0.3286523850786626,0.1669651792761222,0.07343330806853127,1.8711044,1.0212665,"(0.45, 0.6]"
2014-06-15,0.35921407277307915,0.36754387970894187,FIFA World Cup,1874.058911142811,1881.8856853799912,-7.826774237180416,3755.9445965228024,1.7,0.9,2.6,1.3,1.5,2.8,12,11,1,60,2.0,1.0,1,0.2732420475179788,0.4988238007462328,0.7023559496382896,0.4433825473761656,0.23185932958550678,0.10228403940021942,0.038783659623591815,1.2165009,1.2338266,"(0.3, 0.45]"
2014-06-16,0.5596722751347176,0.20872717325882525,FIFA World Cup,2101.743725112579,1973.156345252844,128.58737985973494,4074.900070365423,2.5,0.7,3.2,2.4,1.0,3.4,10,6,1,60,4.0,0.0,1,0.2316005516064572,0.5255155960533303,0.7664938830690122,0.5271531813998437,0.3048989394259805,0.15010825485724358,0.0638641199729218,1.7889302,0.99690074,"(0.45, 0.6]"
2014-06-16,0.2683028316102971,0.45622044751323565,FIFA World Cup,1817.0183443373016,1927.2215744296616,-110.20323009236016,3744.239918766963,1.7,1.2,2.9,1.4,1.0,2.4,7,9,1,60,1.0,2.0,1,0.2754767208764674,0.4600713320163177,0.6741354255593595,0.40972595618751695,0.20509292946125662,0.08631500976354671,0.031159908230153334,0.9686417,1.3531325,"(0.0, 0.3]"
2014-06-16,0.4203362038052341,0.2967047081825317,FIFA World Cup,1810.9539076331916,1800.9597273905445,9.99418024264719,3611.913635023736,1.7,0.7,2.4,1.7,1.0,2.7,8,9,1,60,0.0,0.0,0,0.28295908801223413,0.45568101879551876,0.6624101618222535,0.3962638676347574,0.19478851885818665,0.08039941110666886,0.028443206829989794,1.2603287,1.0107007,"(0.3, 0.45]"
2014-06-17,0.7541646909444654,0.08347648487659419,FIFA World Cup,2158.289852371993,1916.7346910675583,341.55516130443493,4075.024543439551,3.3,0.3,3.6,2.0,1.1,3.1,5,4,0,60,0.0,0.0,0,0.16235882417894035,0.418053164986412,0.7906867307364889,0.5617132808826546,0.3378049964526397,0.1735886215790591,0.0772383937336959,2.3097484,0.623888,"(0.75, 1.0]"
2014-06-17,0.5539822557409042,0.19316035189515884,FIFA World Cup,1877.950285276511,1751.3393511128502,126.61093416366089,3629.2896363893615,2.1,0.6,2.7,0.9,1.7,2.6,11,8,1,60,1.0,1.0,0,0.2528573923639368,0.44126965079071934,0.6888826872598304,0.42708667373968207,0.21871794008095502,0.09433427801881279,0.034934597015506094,1.574685,0.8130756,"(0.45, 0.6]"
2014-06-17,0.5864784133698955,0.18216386500630516,FIFA World Cup,1880.548608888928,1723.5023921125714,157.0462167763567,3604.051001001499,1.7,1.0,2.7,1.9,0.8,2.7,10,13,1,60,2.0,1.0,1,0.2313577216237994,0.4832753530197735,0.7411894885038349,0.4928103535769345,0.27381904018830905,0.12900858130921705,0.05240255095564092,1.7722204,0.87282443,"(0.45, 0.6]"
2014-06-18,0.07580194929647646,0.8022083299347567,FIFA World Cup,1769.27619242626,2091.1680897816773,-321.8918973554173,3860.4442822079377,1.4,2.8,4.2,2.3,0.7,3.0,5,5,1,60,2.0,3.0,1,0.12198972076876695,0.548202439502237,0.8980347253931598,0.7414093937046334,0.5395375775378615,0.3443956276862575,0.19348647626543033,0.8598,3.0068507,"(0.0, 0.3]"
2014-06-18,0.2561688289896823,0.4714559418906556,FIFA World Cup,1730.690461562599,1835.8689004159448,-105.17843885334582,3566.559361978544,1.2,1.1,2.3,1.2,1.2,2.4,5,6,1,60,0.0,4.0,1,0.2723752291196618,0.45947684395222077,0.6773956475703011,0.4135223164432764,0.20803997662931892,0.08803071367610334,0.03195884605920264,0.9467725,1.389375,"(0.0, 0.3]"
2014-06-18,0.5013177868344999,0.2573960824517011,FIFA World Cup,2080.185115617297,1985.6708412830255,94.51427433427148,4065.855956900323,1.6,1.0,2.6,2.6,1.0,3.6,5,5,1,60,0.0,2.0,0,0.24128613071379915,0.5531793514204572,0.7724598866525205,0.535516520067449,0.3127158790206921,0.15558932690526378,0.06694055726549854,1.6835465,1.1373888,"(0.45, 0.6]"
2014-06-19,0.48096588802168244,0.2746025447891636,FIFA World Cup,2000.6314107963467,1910.2440071685653,90.3874036277814,3910.875417964912,1.7,0.9,2.6,1.8,1.6,3.4,5,5,1,60,2.0,1.0,1,0.24443156718915388,0.5579133961951548,0.771933817334739,0.5347752321354812,0.3120197543751448,0.15509942984668987,0.06666528313947874,1.6390152,1.1787889,"(0.45, 0.6]"
2014-06-19,0.41018340792134617,0.3180651862847934,FIFA World Cup,1832.284328142041,1815.817771919229,16.46655622281196,3648.10210006127,2.1,1.6,3.7,1.0,0.8,1.8,5,5,1,60,0.0,0.0,0,0.27175140579386037,0.4959702195676699,0.7021837924058218,0.44317160547974804,0.23168697429585236,0.10217835032591004,0.03873172126848799,1.320699,1.1288147,"(0.3, 0.45]"
2014-06-19,0.3463271352011568,0.3701638760563333,FIFA World Cup,1896.4255266387927,1920.707531139044,-24.28200450025156,3817.133057777837,1.7,0.8,2.5,1.3,0.8,2.1,5,5,1,60,2.0,1.0,1,0.2835089887425098,0.46703026129908176,0.6693900364992579,0.40424191967604645,0.20086796184884304,0.08387401366097423,0.03003198173586257,1.1263974,1.1746632,"(0.3, 0.45]"
2014-06-20,0.24368813258318636,0.5056531650332612,FIFA World Cup,1724.8065738471366,1851.2099816644827,-126.40340781734608,3576.016555511619,1.2,2.2,3.4,1.4,1.6,3.0,5,5,1,60,1.0,2.0,1,0.2506587023835525,0.5100493928276506,0.7353573961099817,0.48514397491931904,0.2671019449917187,0.12459661917212177,0.05008706560139947,1.0230663,1.5912063,"(0.0, 0.3]"
2014-06-20,0.48169684149491343,0.25549800265917993,FIFA World Cup,1951.034901262899,1851.0401700260843,99.99473123681446,3802.075071288983,1.3,1.1,2.4,1.1,1.5,2.6,6,6,1,60,0.0,1.0,0,0.26280515584590675,0.48545390663634186,0.7056373453605924,0.44741515493057155,0.23516286408473688,0.104313241243607,0.039780137814907114,1.4712092,0.99471706,"(0.45, 0.6]"
2014-06-20,0.3167598874559582,0.43808800127834974,FIFA World Cup,1904.7346148583197,1954.983144270931,-50.24852941261133,3859.71775912925,1.8,1.0,2.8,3.4,0.5,3.9,5,5,1,60,2.0,5.0,1,0.2451521112656922,0.5817760818029857,0.785634901010883,0.5543627261546277,0.3306898243413258,0.1684473268272659,0.07430046223632483,1.3144194,1.5870049,"(0.3, 0.45]"
2014-06-21,0.35978671700053383,0.36369011299327614,FIFA World Cup,1801.822456338085,1806.615072521443,-4.79261618335795,3608.437528859528,1.5,1.0,2.5,1.4,1.4,2.8,5,6,1,60,1.0,0.0,0,0.2765231700061899,0.48862307608199873,0.691867484285095,0.4306613622036479,0.22157288949289375,0.09604561699212495,0.035756894473097975,1.1966853,1.204734,"(0.3, 0.45]"
2014-06-21,0.6423419665546302,0.14690265774446418,FIFA World Cup,2066.817837381842,1810.0911786856511,256.7266586961907,3876.909016067493,2.1,0.8,2.9,1.6,0.7,2.3,6,5,1,60,1.0,0.0,0,0.21075537570090605,0.47230732391795227,0.75933473511071,0.5172522349381845,0.2957680396461459,0.1437891211084526,0.06036071521454607,1.9434322,0.8013039,"(0.6, 0.75]"
2014-06-21,0.7706685307161446,0.08047930190643363,FIFA World Cup,2138.076563222197,1796.227271995627,341.8492912265699,3934.303835217824,2.6,0.7,3.3,1.6,1.2,2.8,5,5,1,60,2.0,2.0,1,0.1488521673774218,0.4524910782891562,0.8257319601141184,0.6151775963588269,0.3921978153086073,0.21509397189816307,0.10256082219994192,2.4976542,0.6793844,"(0.75, 1.0]"
2014-06-22,0.4497210597710834,0.2864351658299678,FIFA World Cup,1897.841982486808,1867.4773621720992,30.364620314708645,3765.319344658907,1.9,1.1,3.0,1.8,0.6,2.4,5,5,1,60,1.0,0.0,0,0.2638437743989488,0.5049500424175055,0.717066640834858,0.46166481047777924,0.2470074279312179,0.11169773237034654,0.04346355008200405,1.4335243,1.0878835,"(0.3, 0.45]"
2014-06-22,0.4462138128801674,0.293499587283557,FIFA World Cup,1761.8122742172618,1706.2090185146917,55.60325570257032,3468.0212927319535,1.0,1.6,2.6,1.8,1.0,2.8,5,5,1,60,2.0,4.0,1,0.2602865998362755,0.5199612539205373,0.7307445937450573,0.47914265055133315,0.261897169980095,0.12121185303794005,0.048327083785861175,1.4586136,1.1317338,"(0.3, 0.45]"
2014-06-22,0.38059647505439403,0.3587028797347248,FIFA World Cup,1948.012646771336,1936.823507143226,11.18913962811007,3884.8361539145617,1.5,0.8,2.3,2.0,1.2,3.2,6,6,1,60,2.0,2.0,1,0.2607006452108812,0.539628469262067,0.7428234306657076,0.49497716583249246,0.2757365742476088,0.1302841996753047,0.05308538127846344,1.3504496,1.3032994,"(0.3, 0.45]"
2014-06-23,0.11529813291805617,0.7283505981955163,FIFA World Cup,1761.1446393528947,2023.2368770748449,-262.0922377219499,3784.3815164277394,1.4,2.8,4.2,1.4,1.2,2.6,5,5,1,60,0.0,3.0,1,0.1563512688864276,0.5746353087285487,0.8736260967644159,0.6959903879472521,0.48320787144803506,0.29204529652479083,0.15465382037343348,0.9660309,2.6275458,"(0.0, 0.3]"
2014-06-23,0.8392917328585165,0.04772345228631109,FIFA World Cup,2135.65803621152,1690.9671058456886,544.6909303658315,3826.625142057209,2.7,0.3,3.0,1.2,1.5,2.7,6,5,0,60,4.0,1.0,1,0.11298481485517246,0.39316653955318076,0.8468155186994735,0.6495031745894848,0.4294311205026069,0.24533832130974337,0.1221417297014872,2.8038375,0.5422084,"(0.75, 1.0]"
2014-06-23,0.2867331855233743,0.45474184165130604,FIFA World Cup,1875.5922561328553,1939.3665072280312,-63.77425109517594,3814.958763360886,1.5,1.1,2.6,2.0,0.9,2.9,5,6,1,60,1.0,3.0,1,0.2585249728253199,0.5213765729666908,0.7336270689364247,0.48288660128298655,0.26513904139812217,0.12331710013090914,0.04942065587982878,1.1221911,1.4830632,"(0.0, 0.3]"
2014-06-23,0.47367087935415253,0.28275989055784767,FIFA World Cup,2099.2996428550427,2042.619079825478,56.68056302956484,4141.918722680521,2.4,0.9,3.3,2.2,1.0,3.2,5,5,1,60,2.0,0.0,0,0.24356923008799972,0.567030899844408,0.7783936011866396,0.5439388872600571,0.3206860462502996,0.16124641444190832,0.07015329839924407,1.6422503,1.2144145,"(0.45, 0.6]"
2014-06-24,0.2040945627271082,0.5651930158273349,FIFA World Cup,1830.8635550254544,2022.9981715506387,-192.13461652518455,3853.861726576093,1.8,1.5,3.3,1.8,1.0,2.8,5,5,1,60,1.0,4.0,1,0.2307124214455567,0.521346528229372,0.7649967361738866,0.5250709460731701,0.30296821264993296,0.14876545633088803,0.06311683890093987,0.9810296,1.7961133,"(0.0, 0.3]"
2014-06-24,0.3283903498895067,0.40302104819697043,FIFA World Cup,1912.6314205175431,1928.518796362921,-15.887375845377846,3841.150216880464,1.2,1.2,2.4,1.7,0.8,2.5,4,5,1,60,0.0,1.0,0,0.26858860191352296,0.508753175785981,0.7141430204362603,0.45798970561838176,0.2439277457457479,0.10976242361115361,0.042490933901577585,1.1750485,1.3319887,"(0.3, 0.45]"
2014-06-24,0.28218199962251334,0.4610227640509963,FIFA World Cup,1817.238545035816,1887.8772464142733,-70.63870137845743,3705.115791450089,0.9,0.8,1.7,1.8,1.7,3.5,5,5,1,60,2.0,1.0,1,0.2567952363264903,0.5237883494375942,0.737100745269103,0.48742715544461757,0.26909572742744,0.12590293170504316,0.050772468141426975,1.1189017,1.5045006,"(0.0, 0.3]"
2014-06-24,0.4140062406476659,0.3217346817447015,FIFA World Cup,1889.4436507714404,1888.614261414916,0.8293893565244161,3778.0579121863566,0.9,1.4,2.3,1.4,1.0,2.4,4,5,1,60,0.0,0.0,0,0.2642590776076326,0.5202904427377593,0.7264952145059669,0.47366228056059406,0.2571853110466975,0.11817371869206304,0.046760217838410154,1.3824128,1.186204,"(0.3, 0.45]"
2014-06-25,0.33518010489254285,0.37191644670878937,FIFA World Cup,1776.201271020616,1798.9459217087217,-22.74465068810559,3575.1471927293373,1.1,1.1,2.2,1.4,0.7,2.1,4,4,1,60,3.0,1.0,1,0.29290344839866794,0.43948078540330027,0.639773218328452,0.37109646817858283,0.17613201916172044,0.07002550912899715,0.0238279935179304,1.0521348,1.1248059,"(0.3, 0.45]"
2014-06-25,0.24273530813414473,0.5315328072044523,FIFA World Cup,1870.752797301911,1999.942733300952,-129.18993599904115,3870.695530602863,1.5,1.6,3.1,3.5,0.5,4.0,5,5,1,60,0.0,0.0,0,0.2257318846614032,0.5903136103091786,0.810728772834584,0.591788009130048,0.3679084810997734,0.1962112070643894,0.0908690021006725,1.1963692,1.8713034,"(0.0, 0.3]"
2014-06-25,0.23789241699686028,0.5176928375096561,FIFA World Cup,1705.2637582097084,1859.7750258282983,-154.51126761859018,3565.038784038007,1.2,2.1,3.3,1.9,1.5,3.4,5,5,1,60,0.0,3.0,1,0.24441474549348363,0.5229697415088556,0.750501511068867,0.5052435090410093,0.28488726231444866,0.13640013324036357,0.05635365276813504,1.0395433,1.655858,"(0.0, 0.3]"
2014-06-25,0.1400571483109762,0.6594965027686005,FIFA World Cup,1832.236257838912,2077.9630943587717,-245.72683651985972,3910.199352197684,1.2,0.9,2.1,2.0,0.7,2.7,4,4,1,60,2.0,3.0,1,0.20044634892042335,0.48750847942064907,0.7804941154316981,0.5469393292229175,0.3235380478036513,0.1632711570563684,0.07129146524216967,0.8200339,2.0495448,"(0.0, 0.3]"
2014-06-26,0.26395941617127766,0.4599795282297669,FIFA World Cup,1758.349913544323,1840.0925991309591,-81.74268558663607,3598.442512675282,1.9,1.1,3.0,1.5,0.6,2.1,4,4,1,60,1.0,1.0,0,0.2760610555989555,0.4554704851443153,0.6703857256498409,0.4053883663177531,0.20174781754651439,0.08438021469084935,0.03026464965940937,0.9526474,1.3527403,"(0.0, 0.3]"
2014-06-26,0.21669641826823297,0.5425016975256152,FIFA World Cup,1709.6713791876302,1925.2267455279484,-215.5553663403182,3634.898124715579,0.9,1.9,2.8,1.8,1.1,2.9,4,4,1,60,0.0,1.0,0,0.2408018842061519,0.5081616258040342,0.7454597909960523,0.4984831854915094,0.2788437868745863,0.13234772910146572,0.05417925813238917,0.9746813,1.6932564,"(0.0, 0.3]"
2014-06-26,0.5125449292263811,0.24095572699655934,FIFA World Cup,1937.7893212449712,1818.8700245737507,118.91929667122054,3756.6593458187217,2.1,1.1,3.2,1.8,1.3,3.1,4,5,1,60,2.0,1.0,1,0.24649934377705968,0.5198702167025069,0.7462268575847323,0.4995077031989708,0.27975642723060157,0.13295806632723364,0.05450661281388134,1.6337243,1.0383577,"(0.45, 0.6]"
2014-06-26,0.2421072668914772,0.5142670893810007,FIFA World Cup,1947.046832669591,2115.433810644073,-168.38697797448253,4062.480643313664,1.5,1.0,2.5,2.5,0.9,3.4,4,5,1,60,0.0,1.0,0,0.2436256437275222,0.5300617750210659,0.755762858521198,0.5123724294654104,0.2913268797255977,0.14076281918715938,0.05871805926322066,1.0613729,1.6632069,"(0.0, 0.3]"
2014-06-28,0.507325847364069,0.2416352046164389,FIFA World Cup,2049.102685655405,1957.147925425992,91.95476022941308,4006.250611081397,2.2,0.9,3.1,1.6,0.8,2.4,4,4,1,60,2.0,0.0,0,0.25103894801949217,0.5067874716087736,0.7328670445466064,0.4818968445380136,0.26427936735033625,0.1227564902042411,0.04912738645928563,1.588252,1.0130626,"(0.45, 0.6]"
2014-06-28,0.6683480987438192,0.12997529839722016,FIFA World Cup,2140.033041136092,2004.8959271661615,235.1371139699304,4144.928968302253,2.8,0.3,3.1,1.9,1.2,3.1,5,5,0,60,1.0,1.0,0,0.20167660285896064,0.45631957465696305,0.7611878983151064,0.5197986773155692,0.2980994190726266,0.14538787430495895,0.0612348966535067,2.0061202,0.74917173,"(0.6, 0.75]"
2014-06-29,0.475560674223977,0.2585626091018998,FIFA World Cup,1889.3720356736524,1853.2553038747012,36.11673179895115,3742.6273395483536,0.8,1.3,2.1,1.0,0.9,1.9,5,5,1,60,1.0,1.0,0,0.26587671667412305,0.47928828368163867,0.6980489508132975,0.43812730458622756,0.22758421201510315,0.09967529848423262,0.03750962983805433,1.4419606,0.98811513,"(0.45, 0.6]"
2014-06-29,0.5658823216568789,0.20425930217453062,FIFA World Cup,2137.022795514359,1976.197975867428,160.82481964693102,4113.220771381787,1.8,0.8,2.6,2.1,0.9,3.0,6,6,1,60,2.0,1.0,1,0.2298583761685903,0.5243038666639028,0.7677336098197604,0.528882036169832,0.30650607354194376,0.15122846327018472,0.0644883823125875,1.8057516,0.9873131,"(0.45, 0.6]"
2014-06-30,0.6000485463401113,0.16746417337135036,FIFA World Cup,1989.274769157164,1820.5049063360264,168.7698628211374,3809.7796754931906,2.9,0.5,3.4,1.2,1.1,2.3,5,5,1,60,2.0,0.0,0,0.23248728028853854,0.4531081000251868,0.7212498974136631,0.46695819277973116,0.25147109163191483,0.11451806706923362,0.04488557088005213,1.7462704,0.79593325,"(0.6, 0.75]"
2014-06-30,0.782520232776446,0.07473211451119055,FIFA World Cup,2131.9348537208734,1765.2807309600632,366.6541227608102,3897.215584680936,2.3,0.9,3.2,1.9,1.2,3.1,4,4,1,60,2.0,1.0,1,0.14274765271236328,0.44648288121520113,0.8306787505216421,0.6230768878681425,0.40060293619322856,0.22179435564428468,0.10682356203102654,2.5528908,0.6620219,"(0.75, 1.0]"
2014-07-01,0.5874317103754203,0.1790111236556478,FIFA World Cup,2089.694445861657,1890.3537290628587,199.34071679879844,3980.048174924516,1.8,0.7,2.5,1.8,1.1,2.9,6,6,1,60,1.0,0.0,0,0.23355716596893186,0.47130239973767074,0.7312109552493999,0.47974496680836354,0.262414156235062,0.12154217932100485,0.04849256862908196,1.7469387,0.84582716,"(0.45, 0.6]"
2014-07-01,0.4115844795927026,0.3229995577687537,FIFA World Cup,1938.684171087804,1930.5457895927905,8.138381495013618,3869.229960680594,1.7,1.0,2.7,1.3,1.1,2.4,5,5,1,60,2.0,1.0,1,0.26541596263854356,0.5170645740818304,0.7231148757532817,0.4693353745646933,0.25349296733702464,0.11581061551298673,0.04555035388125623,1.3696663,1.1818684,"(0.3, 0.45]"
2014-07-04,0.3003036650848868,0.4309327478546648,FIFA World Cup,2013.986802695296,2138.41892472478,-124.43212202948416,4152.405727420076,2.8,0.5,3.3,2.0,0.7,2.7,4,4,1,60,0.0,1.0,0,0.26876358706044823,0.4977291137182052,0.7067551352604118,0.4487951097673969,0.23629882202878266,0.10501489862904635,0.040127295267509265,1.0988358,1.3724341,"(0.3, 0.45]"
2014-07-04,0.5414756358784869,0.20931903082600364,FIFA World Cup,2122.3503982712336,2082.463183680641,139.88721459059252,4204.813581951875,2.7,0.4,3.1,2.1,0.6,2.7,6,6,0,60,2.0,1.0,1,0.24920533329550956,0.4737445617619035,0.7140781862229753,0.4579074028391575,0.24385726016744405,0.10971589857489325,0.04246472213442516,1.6099967,0.89673114,"(0.45, 0.6]"
2014-07-05,0.6633980943171321,0.1299802843532944,FIFA World Cup,2154.0496688242997,1886.264651193908,267.78501763039185,4040.314320018208,1.8,0.9,2.7,0.9,1.3,2.2,6,6,1,60,0.0,0.0,0,0.20662162132957343,0.4415472505964104,0.7463810566909963,0.499709070201227,0.2799278509115928,0.13306140377317302,0.054547858840520665,1.9497337,0.72322345,"(0.6, 0.75]"
2014-07-05,0.5020333878948176,0.23542905481093848,FIFA World Cup,2104.1512351805363,1967.9815752389925,136.16965994154384,4072.132810419529,1.6,0.6,2.2,1.8,1.0,2.8,4,4,1,60,1.0,0.0,0,0.2625375572942441,0.4674289273947828,0.694234909172245,0.43350988049226225,0.22385737878754092,0.09741908181932533,0.036416640884034915,1.4854081,0.9269323,"(0.45, 0.6]"
2014-07-08,0.5255240592002811,0.22251914052513458,FIFA World Cup,2140.8845442108313,2158.1115679988784,82.77297621195294,4298.99611220971,2.7,0.5,3.2,2.0,0.6,2.6,4,4,0,60,1.0,7.0,1,0.25195680027458456,0.4827025689239222,0.7165339269974477,0.4609929080480752,0.246441920870555,0.1113399528339627,0.04328138267317125,1.5841652,0.9346201,"(0.45, 0.6]"
2014-07-09,0.39962150307443245,0.3097558272684335,FIFA World Cup,2134.628756456695,2122.9606062216694,11.668150235025678,4257.5893626783645,1.6,0.7,2.3,1.5,0.3,1.8,4,4,1,60,0.0,0.0,0,0.29062266965713424,0.4400321278995366,0.6428308601178031,0.3744340806225212,0.17856081301295806,0.07135105894233792,0.024406699425984245,1.1838942,1.0054756,"(0.3, 0.45]"
2014-07-12,0.47528913969819375,0.27013381151209376,FIFA World Cup,2062.227725070279,2133.6216259827165,28.6060990875626,4195.849351052995,2.3,1.2,3.5,1.6,0.7,2.3,4,3,0,60,0.0,3.0,1,0.2545770487897126,0.5219096669977719,0.7384012677146089,0.48913514438743416,0.2705910330423001,0.12688459602394656,0.0512878117833637,1.5369945,1.093256,"(0.45, 0.6]"
2014-07-13,0.5469732225777911,0.197594702642799,FIFA World Cup,2236.7683871394306,2123.967736695648,112.80065044378262,4360.736123835079,2.6,0.7,3.3,1.5,0.3,1.8,5,4,1,60,1.0,0.0,0,0.2554320747794097,0.4408958687631031,0.6855095340416555,0.4230726068776518,0.215533539005384,0.0924397775097714,0.0340331390894263,1.553295,0.8191501,"(0.45, 0.6]"
2018-06-14,0.5439073399462845,0.2086482761184303,FIFA World Cup,1734.869251334001,1691.4828043841828,143.38644694981826,3426.3520557181837,1.1,1.8,2.9,1.1,1.8,2.9,9,6,0,60,5.0,0.0,1,0.24744438393528503,0.4778131646149134,0.7187427388892281,0.4637803975698185,0.2487868639804045,0.11281907973999614,0.04402728663778156,1.626426,0.9032833,"(0.45, 0.6]"
2018-06-15,0.292278974863174,0.43974557038551404,FIFA World Cup,2003.371285523888,2088.3210562802456,-84.94977075635734,4091.692341804134,1.6,0.7,2.3,3.2,0.6,3.8,8,6,1,60,3.0,3.0,1,0.26797545475131196,0.49598484406703736,0.7065195224870355,0.44850401068934975,0.23605902598382347,0.10486670576611276,0.04005397353630403,1.0805295,1.3896126,"(0.0, 0.3]"
2018-06-15,0.22998470537348228,0.5051543070779424,FIFA World Cup,1744.3278218585071,1937.8989038661143,-193.5710820076074,3682.2267257246217,0.6,1.1,1.7,1.3,0.8,2.1,9,8,1,60,0.0,1.0,0,0.26486098754857523,0.45553368623626533,0.6837070274952345,0.42093853226888595,0.21384946886648232,0.09144358414290782,0.03356239865182657,0.896186,1.4681278,"(0.0, 0.3]"
2018-06-15,0.2767654685257898,0.44470551421210486,FIFA World Cup,1813.8216375776472,1883.620559468276,-69.79892189062866,3697.4421970459234,2.3,0.4,2.7,1.5,0.6,2.1,6,7,1,60,0.0,1.0,0,0.2785290172621052,0.4572855110028456,0.6686884947227906,0.4034351726318288,0.20024936436269863,0.08351810434527722,0.02986795158576467,0.97818965,1.3198303,"(0.0, 0.3]"
2018-06-16,0.5886878975739477,0.17946516932855391,FIFA World Cup,2025.0411762753372,1827.888828178725,197.1523480966125,3852.930004454062,1.8,0.9,2.7,1.5,1.1,2.6,7,7,1,60,2.0,1.0,1,0.2318469330974985,0.47706015935351964,0.7368010429740166,0.4870321503208121,0.26874703732754196,0.12566960067700547,0.050644226393714284,1.7646874,0.85715765,"(0.45, 0.6]"
2018-06-16,0.6125396657122797,0.17867801438214753,FIFA World Cup,2044.402658259493,1821.7783660192488,222.62429224024413,3866.1810242787415,2.0,1.2,3.2,2.2,1.5,3.7,18,9,1,60,1.0,1.0,0,0.2087823199055731,0.5489558811681713,0.8053908502560785,0.583646890240787,0.35962832934494676,0.18989095874514847,0.08700385916582686,2.031637,0.9991364,"(0.6, 0.75]"
2018-06-16,0.500284346470374,0.23119993709832717,FIFA World Cup,2003.6290605865056,1881.728112274766,121.90094831173974,3885.357172861272,1.5,0.3,1.8,1.4,0.4,1.8,7,7,1,60,0.0,1.0,0,0.2685157164312986,0.4471692001705162,0.6738448271069266,0.4093884602543964,0.2048314275391457,0.08616275981729363,0.03108862225495525,1.4374644,0.883036,"(0.45, 0.6]"
2018-06-16,0.574675651711186,0.1850698135462738,FIFA World Cup,1901.921766620076,1732.1870989278846,169.73466769219135,3634.1088655479607,1.1,0.8,1.9,1.3,1.2,2.5,8,10,1,60,2.0,0.0,0,0.24025453474254022,0.4626955716706351,0.7177988668746795,0.4625871121242968,0.24778069782897738,0.11218213674131493,0.04370384728477824,1.6858915,0.83914596,"(0.45, 0.6]"
2018-06-17,0.4442397002797319,0.291934700423191,FIFA World Cup,1852.085903008292,1809.422009493801,42.663893514491065,3661.507912502093,0.8,1.7,2.5,1.8,0.8,2.6,6,8,1,60,0.0,1.0,0,0.26382559929707694,0.5082196081268361,0.7191997986602564,0.46435973003906417,0.24927718759045234,0.11313150517348436,0.044188125093400026,1.4273682,1.1046027,"(0.3, 0.45]"
2018-06-17,0.5609348830962804,0.20318560337878702,FIFA World Cup,2099.795337610723,1928.9984136927233,170.79692391799972,4028.7937513034462,2.2,1.0,3.2,1.4,1.0,2.4,9,8,1,60,0.0,1.0,0,0.2358795135249326,0.5039666775601647,0.748550656001847,0.502618774116045,0.2825323677522921,0.1348145549131567,0.05549824423138411,1.7398335,0.9448905,"(0.45, 0.6]"
2018-06-17,0.5937029503772693,0.17306481471595456,FIFA World Cup,2184.3125976677256,1930.3267865198468,253.98581114787885,4114.639384187572,1.8,0.2,2.0,2.2,0.5,2.7,7,9,1,60,1.0,1.0,0,0.2332322349067761,0.4614997414540119,0.7255429382565014,0.4724382367767178,0.2561346339390291,0.11749463142123193,0.046405476932915884,1.7446479,0.819156,"(0.45, 0.6]"
2018-06-18,0.444697363384308,0.2803553321640987,FIFA World Cup,1831.547009055992,1786.4712337201613,45.075775335830485,3618.018242776153,1.2,0.6,1.8,1.4,1.3,2.7,9,7,1,60,1.0,0.0,0,0.2749473044515935,0.4692288269864701,0.680837406033404,0.4175557900966766,0.21119134767770054,0.08987747542903213,0.03282479551012782,1.3445007,1.0069485,"(0.3, 0.45]"
2018-06-18,0.611829320192874,0.16151891879092528,FIFA World Cup,1984.3302616639648,1772.8228442344964,211.5074174294682,3757.153105898461,3.4,0.8,4.2,1.0,1.6,2.6,7,12,1,60,3.0,0.0,1,0.22665176101620085,0.45781145073760143,0.7312841606378978,0.47983917691382755,0.26249441200960005,0.12159257496068743,0.048516684892641285,1.7973951,0.79575384,"(0.6, 0.75]"
2018-06-18,0.23050444637529202,0.5047329142367701,FIFA World Cup,1776.142724264346,1985.3115706653557,-209.1688464010097,3761.454294929702,1.5,0.9,2.4,1.4,0.3,1.7,9,11,1,60,1.0,2.0,1,0.2647626393879378,0.45633902659144315,0.684351834552578,0.4217012606276368,0.21445094337775736,0.09179931532786853,0.03373070703656989,0.89849365,1.4687235,"(0.0, 0.3]"
2018-06-19,0.5188331261700397,0.21611200547036083,FIFA World Cup,1771.4235146382623,1729.503445002034,141.9200696362284,3500.9269596402964,1.6,1.7,3.3,0.6,1.1,1.7,5,4,0,60,3.0,1.0,1,0.2650548683595993,0.43971453643624653,0.6730892927923025,0.4085123438915909,0.2041540227757886,0.08576977695584692,0.030906027510911094,1.4714653,0.8457243,"(0.45, 0.6]"
2018-06-19,0.6056914080655003,0.16478240297456873,FIFA World Cup,1986.620796965066,1783.9294508050464,202.69134616001952,3770.550247770112,1.5,0.8,2.3,1.1,1.8,2.9,18,7,1,60,1.0,2.0,1,0.22952618895993107,0.4562019712345042,0.7267829272412877,0.474029358515391,0.2574954557406638,0.11836706097494308,0.046852309771390016,1.7725272,0.79757184,"(0.6, 0.75]"
2018-06-19,0.41553378726776796,0.3114075034250661,FIFA World Cup,1873.8536020729553,1857.242913627056,16.610688445899314,3731.096515700011,2.2,1.3,3.5,1.2,0.6,1.8,7,8,1,60,1.0,2.0,1,0.2730587093071661,0.48971610215155087,0.6965709361422406,0.43633428466522317,0.22613432709358847,0.09879631980577062,0.037083774142648344,1.3195817,1.1035968,"(0.3, 0.45]"
2018-06-20,0.594675489989081,0.1674748561378899,FIFA World Cup,2010.5636793585404,1789.7687671295323,220.7949122290081,3800.332446488073,1.8,1.0,2.8,1.7,0.5,2.2,5,5,1,60,1.0,0.0,0,0.23784965387302934,0.43853996822054503,0.7055490951051032,0.4473048129618573,0.23506964814638587,0.10425233204624203,0.039745886258998164,1.695181,0.7703353,"(0.45, 0.6]"
2018-06-20,0.7274601426548635,0.0947222047833302,FIFA World Cup,1952.7232807225876,1654.9285410799214,297.7947396426662,3607.651821802509,1.4,0.5,1.9,1.1,2.1,3.2,5,6,1,60,1.0,0.0,0,0.1778176525618061,0.4148337546868508,0.7683599438000969,0.5297472834690661,0.30729474207179663,0.15175458829668131,0.06475090010529617,2.1645052,0.6323188,"(0.6, 0.75]"
2018-06-20,0.233637807998,0.5257957754368663,FIFA World Cup,1907.6734299163911,2081.128662445594,-173.45523252920225,3988.802092361984,1.4,0.6,2.0,3.2,0.9,4.1,5,5,1,60,0.0,1.0,0,0.2405664165651337,0.5301449071149116,0.7592331917127465,0.5171166725616659,0.29565052985112056,0.1437177356564313,0.060333165286319636,1.0472399,1.6968869,"(0.0, 0.3]"
2018-06-21,0.48491840373342526,0.24881030487911776,FIFA World Cup,1921.8422296971307,1813.293352338472,108.54887735865871,3735.135582035603,1.1,0.3,1.4,1.6,1.1,2.7,5,5,1,60,1.0,1.0,0,0.2662712913874571,0.4699094300770273,0.6914548421210005,0.43016571709087525,0.2211756851724911,0.09580642199646455,0.03564105619399275,1.445739,0.95378715,"(0.45, 0.6]"
2018-06-21,0.4512757527993274,0.26360319844106883,FIFA World Cup,2039.63665211559,1963.5149431641412,76.12170895144868,4003.151595279731,2.0,1.0,3.0,1.3,0.3,1.6,5,5,1,60,1.0,0.0,0,0.28512104875960376,0.43176399377564445,0.6437439588854632,0.3754343769918764,0.1792912697600869,0.07175098483150165,0.02458169891270712,1.2839339,0.90916455,"(0.45, 0.6]"
2018-06-21,0.48279815356359596,0.2507290834953336,FIFA World Cup,2027.440067938612,1926.5343627475647,100.90570519104722,3953.9744306861767,1.5,1.3,2.8,1.2,0.8,2.0,5,5,1,60,0.0,3.0,1,0.2664727629410703,0.471038901745877,0.6919576467339493,0.430769263864992,0.2216586758667505,0.09609632064445976,0.035780273714875035,1.4426969,0.95913947,"(0.45, 0.6]"
2018-06-22,0.25520411449160574,0.48793983968050886,FIFA World Cup,1843.0875007101151,1949.037637858249,-105.95013714813332,3792.125138568364,1.6,0.8,2.4,2.0,0.6,2.6,5,5,1,60,1.0,2.0,1,0.2568560458278854,0.5025220351140358,0.7234945083943213,0.4698194302984005,0.25390407000343423,0.11607191727119853,0.04568247466424654,1.0276802,1.5257677,"(0.0, 0.3]"
2018-06-22,0.6526286287594474,0.1378289018427372,FIFA World Cup,2165.601746329324,1818.4204117919776,347.1813345373462,3984.022158121302,1.7,0.3,2.0,0.7,1.7,2.4,5,5,1,60,2.0,0.0,0,0.20954246939781557,0.4534990687962605,0.7497709156382583,0.5042554944703994,0.28399319288541625,0.13578820050020063,0.05601160828320802,1.9365913,0.754836,"(0.6, 0.75]"
2018-06-22,0.2712230062200458,0.4682994291169149,FIFA World Cup,1707.5745028003955,1838.7409563401295,-131.166453539734,3546.3154591405255,0.9,1.4,2.3,2.0,1.6,3.6,6,6,1,60,2.0,0.0,0,0.26047756466303934,0.5047982135641096,0.720808930038471,0.46639992764194366,0.25100155229243537,0.11422437558243097,0.044741971962983296,1.0602366,1.4797487,"(0.0, 0.3]"
2018-06-23,0.5622565513560618,0.17810096766289735,FIFA World Cup,2056.130940251152,1857.676545399799,198.45439485135307,3913.807485650951,2.0,1.0,3.0,0.5,0.6,1.1,6,5,1,60,2.0,1.0,1,0.25964248098104104,0.4019800209538502,0.6549169488670835,0.38781396766794546,0.1884352904381885,0.07681582229684275,0.026824897123637014,1.5153701,0.723976,"(0.45, 0.6]"
2018-06-23,0.20516487474543996,0.5475550744290925,FIFA World Cup,1760.3416973763542,1972.6628110522945,-212.32111367594007,3733.004508428649,1.0,1.3,2.3,1.2,0.9,2.1,5,6,1,60,1.0,2.0,1,0.2472800508254675,0.4734871525922159,0.7161986480910884,0.4605704929169677,0.2460868739880926,0.1111157591352746,0.0431676260868348,0.8897433,1.6273928,"(0.0, 0.3]"
2018-06-23,0.6631375073381862,0.1293521287381407,FIFA World Cup,2008.309175939129,1762.2976340381213,246.0115419010081,3770.6068099772506,2.8,0.8,3.6,1.5,1.1,2.6,5,5,1,60,5.0,2.0,1,0.20751036392367314,0.4372748545832586,0.742735681763546,0.4948553231173722,0.2756196186000213,0.13019373331287803,0.05302131047925841,1.9383312,0.7149936,"(0.6, 0.75]"
2018-06-24,0.6129601082004564,0.15669048478716752,FIFA World Cup,1999.1566608915805,1748.8439299593315,250.31273093224877,3748.000590850912,1.2,0.4,1.6,1.0,1.5,2.5,6,6,1,60,6.0,1.0,1,0.23034940701237633,0.4377002845506533,0.7143234234107034,0.45821336738658847,0.24411053411965108,0.10987130141080259,0.04253852930948862,1.7544857,0.7534537,"(0.6, 0.75]"
2018-06-24,0.27830000032545077,0.4542614014390307,FIFA World Cup,1829.6832566330784,1888.6761039619892,-58.99284732891056,3718.359360595068,1.2,1.6,2.8,1.4,0.7,2.1,5,5,1,60,2.0,2.0,1,0.2674385982355187,0.4892360388061206,0.7027319921545674,0.4438432042915526,0.23223535355769787,0.10251396953653688,0.03889577233257733,1.0419062,1.4102029,"(0.0, 0.3]"
2018-06-24,0.263594519274382,0.47399305753589177,FIFA World Cup,1842.420411738022,1940.8669911370337,-98.44657939901164,3783.287402875056,2.3,1.1,3.4,1.2,1.0,2.2,5,5,1,60,0.0,3.0,1,0.26241242318972613,0.49324519051962057,0.7111391028433919,0.4542349456713713,0.24079864092661077,0.10780627321476274,0.04151213495837002,1.0238684,1.4685354,"(0.0, 0.3]"
2018-06-25,0.2927836481636968,0.4253375250674531,FIFA World Cup,1799.0004020444032,1961.880121797168,-62.879719752764686,3760.880523841571,1.8,1.6,3.4,1.5,0.5,2.0,6,5,0,60,0.0,3.0,1,0.2818788267688501,0.45683224790327215,0.6644502928293231,0.3985848946409021,0.1965489046864775,0.08140076530373645,0.02889885608925184,1.0057794,1.2739756,"(0.0, 0.3]"
2018-06-25,0.30322747477488493,0.4281485721190925,FIFA World Cup,1645.771700005341,1701.9265575958934,-56.15485759055241,3347.698257601234,0.8,2.2,3.0,0.7,1.3,2.0,5,6,1,60,2.0,1.0,1,0.26862395310602266,0.49951044890088636,0.7080777940271878,0.4504315330995527,0.23764857128157824,0.10584987368836996,0.04054052170322028,1.1078786,1.3697389,"(0.3, 0.45]"
2018-06-25,0.7431048265834092,0.09051834924723111,FIFA World Cup,2097.2829837243435,1776.6235763545774,320.6594073697661,3873.906560078921,2.5,0.9,3.4,1.7,0.6,2.3,5,5,1,60,2.0,2.0,1,0.1663768241693596,0.43508106949040787,0.7943446380194248,0.5671011940659187,0.34309649299189293,0.17748740468240748,0.07953813844219423,2.2960098,0.6612333,"(0.6, 0.75]"
2018-06-25,0.25905962530969956,0.4821957834783834,FIFA World Cup,1891.5191086376412,2023.708870133495,-132.1897614958541,3915.227978771137,1.3,0.6,1.9,1.7,1.0,2.7,5,5,1,60,1.0,1.0,0,0.258744591211917,0.5002827558312427,0.719894233228904,0.4652392148603591,0.25001954133764737,0.11360113840972794,0.04442537820975594,1.0298897,1.5055366,"(0.0, 0.3]"
2018-06-26,0.24931030344301416,0.4790622833059476,FIFA World Cup,1822.3727034577232,1939.9846282067608,-117.61192474903736,3762.357331664484,1.5,1.1,2.6,1.3,0.4,1.7,5,5,1,60,0.0,2.0,0,0.2716274132510385,0.45584199315202945,0.6758738027025935,0.4117472183219686,0.20665961992466003,0.0872256283169758,0.03158314788298941,0.9285386,1.4008853,"(0.0, 0.3]"
2018-06-26,0.2469031631290484,0.4945623827567643,FIFA World Cup,1912.7628785778795,2063.1669670729707,-150.40408849509117,3975.9298456508504,1.1,0.4,1.5,2.0,1.0,3.0,5,5,1,60,0.0,0.0,0,0.25853445411418735,0.4899751123903932,0.7135162795190582,0.4572040685849448,0.24327080541273868,0.10934983187217294,0.04228283391920389,0.98885745,1.5151192,"(0.0, 0.3]"
2018-06-26,0.22171221251713108,0.5358101497622918,FIFA World Cup,1768.7996232515256,1960.1072164227107,-191.3075931711851,3728.906839674237,1.0,1.3,2.3,1.5,1.6,3.1,4,5,1,60,1.0,2.0,1,0.2424776377205771,0.5096118684909887,0.7444352481455954,0.49711804202952165,0.27763125759182644,0.1315401829977598,0.05374925037016893,0.9856952,1.676717,"(0.0, 0.3]"
2018-06-26,0.19279274121659898,0.5695960595699656,FIFA World Cup,1777.5158358889998,1993.867214263466,-216.3513783744661,3771.383050152466,1.8,1.8,3.6,1.5,0.7,2.2,4,5,1,60,1.0,2.0,1,0.2376111992134353,0.4827329072751016,0.7334501378501941,0.48265463504276623,0.2649350609531214,0.12318068614030753,0.04934514659328256,0.887923,1.7164248,"(0.0, 0.3]"
2018-06-27,0.5732420493209378,0.1869328814764293,FIFA World Cup,1970.162585590286,1807.6783110544811,162.48427453580484,3777.840896644767,1.9,0.7,2.6,0.6,1.8,2.4,5,5,1,60,2.0,2.0,1,0.23982506920263313,0.46695023327324026,0.7209820197665429,0.4666184194449008,0.2511843002900754,0.11433730359716841,0.04479548514301745,1.6911536,0.8497066,"(0.45, 0.6]"
2018-06-27,0.1049634297322047,0.6996663728866914,FIFA World Cup,1821.962552978078,2176.34384706682,-354.38129408874215,3998.3064000448985,1.6,1.0,2.6,1.8,0.2,2.0,5,5,1,60,0.0,2.0,0,0.19537019738110403,0.39952379755558004,0.7362738324453649,0.48633635661867175,0.26813080849665377,0.12525409180857996,0.050411792527907395,0.6201454,1.9989762,"(0.0, 0.3]"
2018-06-27,0.11482526017744062,0.6947265737083068,FIFA World Cup,1746.6889219144143,2070.6437910934333,-323.95486917901894,3817.332713007848,1.0,1.5,2.5,1.6,1.1,2.7,4,4,1,60,2.0,0.0,0,0.1904481661142525,0.4458927301163842,0.7693306004547492,0.5311091610029176,0.3085711055278551,0.1526557114876111,0.0652653186963028,0.71071076,2.0917833,"(0.0, 0.3]"
2018-06-27,0.5048399508223318,0.20739378829441996,FIFA World Cup,1986.3155865142344,1843.1636945575176,143.15189195671655,3829.479281071752,1.2,0.7,1.9,0.6,0.6,1.2,4,4,1,60,0.0,3.0,1,0.28776626088324825,0.3769463680889791,0.6034174234447053,0.3328290274526456,0.1492686442776464,0.05587657322868709,0.017863669642629188,1.3082855,0.7268393,"(0.45, 0.6]"
2018-06-28,0.41058416344967924,0.3372655951481955,FIFA World Cup,1834.72871402194,1804.4106540943371,30.31805992760269,3639.139368116277,1.4,1.7,3.1,2.0,1.4,3.4,4,4,1,60,0.0,1.0,0,0.2521502414021254,0.5649934790249822,0.7679990885125217,0.5292551012689298,0.3068573459133201,0.15147931265394668,0.06463551090442707,1.4781464,1.3164507,"(0.3, 0.45]"
2018-06-28,0.2676444891063492,0.47084857368851757,FIFA World Cup,1883.630646573128,1978.8767487807183,-95.24610220759064,3862.5073953538463,1.4,0.7,2.1,1.5,1.0,2.5,4,4,1,60,0.0,1.0,0,0.26150693720513335,0.4990482476763344,0.7159291318190304,0.4602322215865527,0.2458045183976008,0.1109400419758328,0.04308154522370323,1.0424207,1.4733825,"(0.0, 0.3]"
2018-06-28,0.34059054497475505,0.3892834836696457,FIFA World Cup,1725.8755033385846,1741.7948231020064,-15.919319763421754,3467.670326440591,0.9,2.0,2.9,1.5,1.5,3.0,4,5,1,60,1.0,2.0,1,0.2701259713555992,0.5066824850619955,0.7110503924289757,0.45412474683098725,0.24070765947120878,0.10775036047000718,0.04148521337653593,1.1949526,1.2970184,"(0.3, 0.45]"
2018-06-28,0.3811973031001407,0.3515766856358522,FIFA World Cup,2022.1250875123276,2028.811986875244,-6.68689936291662,4050.937074387571,1.6,0.4,2.0,3.1,0.9,4.0,4,5,1,60,0.0,1.0,0,0.267226011264007,0.5174476726657898,0.72132779691373,0.46705955452754866,0.2515608723574187,0.11458048823261856,0.04492391141823416,1.3025947,1.2399802,"(0.3, 0.45]"
2018-06-30,0.4167430782819032,0.3296571551810057,FIFA World Cup,2050.9347621040274,1975.0775052237989,75.85725688022876,4026.012267327826,1.8,0.9,2.7,1.6,1.6,3.2,4,4,1,60,4.0,3.0,1,0.253599766537091,0.5577834766887205,0.7619736205990827,0.5208884975686985,0.2991123721077094,0.1461021535397344,0.061648962060969,1.4754007,1.2843232,"(0.3, 0.45]"
2018-06-30,0.3552675243895299,0.36556359742213296,FIFA World Cup,2004.9809455219015,2012.8153323594065,-7.8343868375047805,4017.796277881308,1.6,0.4,2.0,1.6,1.1,2.7,5,5,1,60,2.0,1.0,1,0.27916887818833713,0.48043505733112196,0.6833825085426856,0.4205555189052356,0.21354851173389996,0.09126683203327897,0.03348015362184102,1.1708838,1.1919672,"(0.3, 0.45]"
2018-07-01,0.47686023979176945,0.24139815208570292,FIFA World Cup,2007.2768662874837,1924.9950835468228,82.2817827406609,3932.2719498343063,1.6,0.7,2.3,1.0,0.3,1.3,5,5,1,60,1.0,1.0,0,0.2817416081225275,0.42331776848255037,0.6420881654452976,0.37362143273424686,0.17796786018100452,0.07102634065003213,0.024264143771746433,1.3288709,0.85747343,"(0.45, 0.6]"
2018-07-01,0.21874947159549382,0.53964096530238,FIFA World Cup,1755.8995783196697,2075.4645387827927,-219.56496046312304,3831.3641171024624,1.4,1.7,3.1,2.4,1.1,3.5,6,6,0,60,1.0,1.0,0,0.24160956310212622,0.508421754863397,0.7446937185667601,0.4974621337744578,0.277936580438264,0.1317432797075521,0.05385719909876083,0.9785152,1.6852895,"(0.0, 0.3]"
2018-07-02,0.6721460936735961,0.1297889716817756,FIFA World Cup,2058.234664853756,1802.1174669044208,256.11719794933515,3860.3521317581767,2.8,0.6,3.4,1.3,1.8,3.1,4,4,1,60,3.0,2.0,1,0.19806493464462832,0.46702663303767444,0.7717816753684524,0.5345540879843553,0.3118001712089775,0.15492768858820752,0.0665468379711775,2.0488105,0.76815426,"(0.6, 0.75]"
2018-07-02,0.612235942509875,0.15330483327334393,FIFA World Cup,2186.7000113809845,1913.3306057963875,273.36940558459696,4100.030617177372,2.0,0.2,2.2,0.9,0.7,1.6,5,5,1,60,2.0,0.0,0,0.23445922421678106,0.4199472454415316,0.6980704034543216,0.4381514815019931,0.227600721855148,0.09968115162472131,0.03750738801395768,1.711782,0.7184077,"(0.6, 0.75]"
2018-07-03,0.3308726301484845,0.39558897729482173,FIFA World Cup,1916.148675275364,1957.0732063811456,-40.9245311057814,3873.22188165651,0.8,0.6,1.4,1.6,0.7,2.3,6,6,1,60,1.0,0.0,0,0.2735383925566939,0.4941964261799637,0.6989717660446533,0.43924985959238605,0.22849481238152858,0.1002296694881605,0.037780121164902716,1.1500288,1.284364,"(0.3, 0.45]"
2018-07-03,0.39457843659246306,0.3164605421731878,FIFA World Cup,2000.8525531460548,1992.702409533816,8.150143612238708,3993.554962679871,1.5,0.9,2.4,1.5,0.5,2.0,5,5,1,60,1.0,1.0,0,0.2889610212343492,0.4464243857015262,0.6491200488530965,0.3813592729383775,0.18364453982393603,0.0741500230571341,0.025639529122194162,1.1855044,1.0296975,"(0.3, 0.45]"
2018-07-06,0.3145021463007819,0.40935775027708504,FIFA World Cup,2035.657306228372,2074.486853275779,-38.82954704740723,4110.144159504151,1.8,0.5,2.3,2.0,1.2,3.2,6,6,1,60,0.0,2.0,0,0.276140103422133,0.4817854512853613,0.6877776850531524,0.425769816706348,0.21767253174143186,0.09371304834020283,0.03464085610976529,1.0937282,1.2889936,"(0.3, 0.45]"
2018-07-06,0.4057912527560012,0.3339305908787347,FIFA World Cup,2202.1528301922103,2069.411795027574,132.7410351646363,4271.564625219784,1.9,0.2,2.1,2.7,0.8,3.5,4,4,1,60,1.0,2.0,1,0.2602781563652643,0.5367773460384276,0.7414760939887867,0.49319180832131276,0.27415935721491674,0.1292391465719985,0.05253136250912996,1.4006345,1.2459178,"(0.3, 0.45]"
2018-07-07,0.2899280443580174,0.44698030881694617,FIFA World Cup,1949.6661306743056,1993.4060204476052,-43.73988977329941,3943.072151121911,0.9,0.6,1.5,1.5,0.6,2.1,4,4,1,60,0.0,2.0,0,0.2630916468250366,0.5092959005164476,0.7207277680878066,0.46629699451396883,0.2509146316922088,0.11416949205242288,0.04471447087010215,1.1031108,1.4364684,"(0.0, 0.3]"
2018-07-07,0.25766217323273277,0.4661288979983036,FIFA World Cup,1772.681563229079,2000.3019998153436,-127.62043658626452,3772.983563044422,1.4,1.7,3.1,1.5,0.8,2.3,6,6,0,60,2.0,2.0,1,0.2762089287689637,0.4504424071381497,0.6668613241391868,0.4013392709274054,0.19864653072304483,0.0825986927903986,0.029445923035492455,0.93271136,1.3574119,"(0.0, 0.3]"
2018-07-10,0.29103876192868444,0.45543146820612895,FIFA World Cup,2114.478469247535,2110.346633381231,4.131835866303845,4224.825102628766,2.0,1.0,3.0,2.6,0.6,3.2,4,4,1,60,1.0,0.0,0,0.2535297698651867,0.5398547220068739,0.7508576679011831,0.505724383669113,0.28532067772315617,0.13669400178982163,0.05651426541312424,1.1694473,1.5279062,"(0.0, 0.3]"
2018-07-11,0.30788199605692984,0.4177732012350381,FIFA World Cup,1989.7526100537816,2032.7705530262024,-43.01794297242077,4022.523163079984,1.3,0.9,2.2,1.7,0.6,2.3,4,4,1,60,2.0,1.0,1,0.2743448027080322,0.4845822991035515,0.6917020369764127,0.4304626665632664,0.22141374616631504,0.09594993002132408,0.03571075105106553,1.0867891,1.3138703,"(0.3, 0.45]"
2018-07-14,0.4534916646305889,0.28525701971129364,FIFA World Cup,2080.7033879506625,1999.0749508681977,81.6284370824651,4079.77833881886,2.5,0.7,3.2,1.8,0.8,2.6,4,3,1,60,2.0,0.0,0,0.2612513156581176,0.512065709495744,0.7245969865382175,0.471228769874272,0.25510534752893294,0.11684017470671985,0.046075950049905445,1.4587718,1.1002321,"(0.45, 0.6]"
2018-07-15,0.4576821262490593,0.2809697247583805,FIFA World Cup,2144.1217146781037,2023.4482122117863,120.67350246631712,4167.56992688989,1.9,0.7,2.6,1.5,1.0,2.5,5,4,1,60,4.0,2.0,1,0.26134814899256054,0.5090113112733181,0.7225248608562307,0.46858288305112494,0.2528529922017016,0.11540214750041128,0.04534144470318937,1.4623628,1.0862103,"(0.45, 0.6]"
2022-11-20,0.36578264747206546,0.31605701832430144,FIFA World Cup,1780.843303255745,1902.5362084476635,-21.6929051919185,3683.3795117034088,1.1,0.8,1.9,0.6,0.6,1.2,11,8,0,60,0.0,2.0,0,0.31816033420363315,0.37429346638648425,0.5651044939980493,0.2951915738431574,0.12460934078781205,0.04375465749555839,0.013095052714000356,0.9944503,0.90151936,"(0.3, 0.45]"
2022-11-21,0.4419489988413577,0.2872789789911903,FIFA World Cup,1897.333931601393,1841.4910797410375,55.842851860355495,3738.8250113424306,1.7,0.6,2.3,1.1,1.4,2.5,55,57,1,60,1.0,1.0,0,0.27077202216745183,0.4850548359037318,0.6961410792631403,0.4358136033299379,0.22571379250512305,0.09854147708666867,0.03696008776356831,1.3713492,1.0498298,"(0.3, 0.45]"
2022-11-21,0.47219474313982784,0.2612361961755648,FIFA World Cup,1996.8810234382088,1897.8062855115952,99.07473792661337,3894.687308949804,2.4,1.1,3.5,1.1,0.7,1.8,56,5,1,60,6.0,2.0,1,0.2665690606846073,0.47947234507918685,0.6973620138187044,0.4372932277637353,0.22690907784717712,0.09926547091670845,0.037310650093249985,1.4338024,0.993065,"(0.45, 0.6]"
2022-11-21,0.1380494149437336,0.6569907705977046,FIFA World Cup,1805.147955473895,2057.0624950749243,-251.9145396010292,3862.210450548819,1.3,0.9,2.2,2.3,1.1,3.4,55,57,1,60,0.0,2.0,0,0.20495981445856173,0.4679369262714033,0.7638515115831471,0.5234788187650892,0.3014895504019726,0.14773071025256757,0.06253098470396669,0.7810513,1.9895122,"(0.0, 0.3]"
2022-11-22,0.5576986801939724,0.19615111283396744,FIFA World Cup,2052.901270154769,1830.0349870865605,222.86628306820808,3882.9362572413297,2.2,0.8,3.0,1.4,0.8,2.2,58,58,1,60,4.0,1.0,1,0.24615020697206022,0.4636709297594884,0.7113254180957325,0.4544662273753372,0.2409892661556704,0.10792293657319765,0.041567680371733556,1.6355919,0.8577232,"(0.45, 0.6]"
2022-11-22,0.553399130622135,0.19918535604389165,FIFA World Cup,2002.149733738665,1830.4940445768193,171.65568916184566,3832.643778315484,1.7,1.2,2.9,1.4,0.6,2.0,58,6,1,60,0.0,0.0,0,0.2474155133339733,0.46462258712286364,0.7104133063463738,0.45333023308988124,0.2400461176535566,0.10733576457226923,0.0412753820484972,1.624772,0.8641214,"(0.45, 0.6]"
2022-11-22,0.7814018686701524,0.05175286418029356,FIFA World Cup,2193.4102085256386,1749.054926506672,444.3552820189666,3942.4651350323106,2.6,0.2,2.8,0.4,0.5,0.9,6,6,1,60,1.0,2.0,1,0.166845267149554,0.2572620293466513,0.6940824617259858,0.43331495198219644,0.2236826936150449,0.09728940618645578,0.036324502286878495,2.0625339,0.3491806,"(0.75, 1.0]"
2022-11-22,0.44137941811654113,0.29482569762277683,FIFA World Cup,1911.1133266020547,1859.4896003547296,51.623726247325294,3770.602926956784,1.4,1.1,2.5,1.1,1.5,2.6,6,6,1,60,0.0,0.0,0,0.26379488426068226,0.509910566050521,0.7203263812760058,0.4657875508504698,0.25048359759645306,0.11389601228782668,0.04457571164873668,1.4241747,1.1134022,"(0.3, 0.45]"
2022-11-23,0.4901442012440094,0.2558871380409971,FIFA World Cup,2013.1396958665105,1895.291845012283,117.84785085422732,3908.4315408787934,1.9,1.1,3.0,2.0,0.8,2.8,7,6,1,60,1.0,2.0,1,0.2539686607149933,0.5117867133080523,0.7326848412493673,0.4816600972454868,0.26407444502385485,0.12262370007663254,0.04905887430128687,1.5529053,1.0474637,"(0.45, 0.6]"
2022-11-23,0.5951661376394467,0.16485803389811118,FIFA World Cup,2090.0201204271552,1868.5367593239996,221.48336110315563,3958.556879751155,1.9,0.7,2.6,1.5,0.6,2.1,6,14,1,60,7.0,0.0,1,0.23997582846244217,0.4281167371731027,0.6963238640304649,0.4360332650661606,0.22588841544194033,0.09864354567147375,0.03700508282318185,1.6734195,0.7486217,"(0.45, 0.6]"
2022-11-23,0.24594264547017586,0.49730580634851185,FIFA World Cup,1862.1091535607272,1962.334916551041,-100.2257629903138,3824.444070111768,1.7,0.9,2.6,1.3,0.8,2.1,6,7,1,60,0.0,0.0,0,0.2567515481813125,0.4942252282122917,0.7183086843205698,0.46323220004166804,0.24832576902649212,0.11252892884860093,0.043882190953642326,0.99551284,1.53204,"(0.0, 0.3]"
2022-11-23,0.5679580810907946,0.19835383230683679,FIFA World Cup,2074.9703556350732,1900.4822611137251,174.4880945213481,3975.4526167487984,1.8,1.3,3.1,1.7,0.9,2.6,5,6,1,60,1.0,0.0,0,0.23368808660236845,0.5032113434984699,0.7506243152216563,0.5054080196680947,0.2850333580092626,0.13649615111724475,0.05640236296499746,1.7602321,0.93585294,"(0.45, 0.6]"
2022-11-24,0.6442734777745048,0.1421410033357378,FIFA World Cup,1954.4891997087232,1716.9315245408184,237.5576751679048,3671.4207242495418,1.2,1.4,2.6,1.0,1.0,2.0,7,6,1,60,1.0,0.0,0,0.21358551888975708,0.45232962303538543,0.7440612549981569,0.49661712016103404,0.2771813627662155,0.13123311169390847,0.05357615279549258,1.9017311,0.75869673,"(0.6, 0.75]"
2022-11-24,0.6401568887246887,0.1424061857550851,FIFA World Cup,2229.040660886402,1934.1637438055932,294.87691708080865,4163.204404691995,2.8,0.3,3.1,2.1,1.0,3.1,58,6,1,60,2.0,0.0,0,0.21743692552022642,0.4419022505861795,0.7330090354656909,0.48207834044049724,0.264431373037339,0.12284785009975427,0.049165614297091084,1.8613039,0.7407727,"(0.6, 0.75]"
2022-11-24,0.47842199468456953,0.25496264532033314,FIFA World Cup,2003.689415419245,1885.1589059849885,118.5305094342566,3888.8483214042335,1.8,0.5,2.3,1.9,1.3,3.2,58,13,1,60,0.0,0.0,0,0.26661535999509745,0.47425396629075084,0.6938950126646576,0.43310021665321186,0.2235283545981272,0.09722110258347857,0.03632162207097091,1.438387,0.97238034,"(0.45, 0.6]"
2022-11-24,0.7297913732789822,0.09000134818402175,FIFA World Cup,2040.1011255460337,1698.6545483059206,341.4465772401129,3738.7556738519543,2.1,0.6,2.7,1.1,1.2,2.3,7,7,1,60,3.0,2.0,1,0.1802072785369957,0.38959263101448227,0.7509948243002164,0.505898715659587,0.2854592132715811,0.13676170492704315,0.05651855885441082,2.1126816,0.58551913,"(0.6, 0.75]"
2022-11-25,0.3411943827140266,0.38001883021116545,FIFA World Cup,1846.271841649596,1857.1754501091964,-10.903608459600491,3703.447291758792,1.1,1.4,2.5,1.0,1.3,2.3,4,4,1,60,0.0,2.0,0,0.2787867870748081,0.4803549461081398,0.6837702873314824,0.421013810701536,0.2139095888812595,0.09148018415475995,0.03358099113997982,1.1425236,1.2220714,"(0.3, 0.45]"
2022-11-25,0.5195678301768962,0.23516865148624871,FIFA World Cup,2037.511858840608,1892.553169692835,144.95868914777316,3930.0650285334423,2.5,1.3,3.8,1.5,0.7,2.2,4,4,1,60,0.0,0.0,0,0.24526351833685495,0.5172892434259707,0.7460216593646247,0.4992335068051606,0.2795120827122564,0.13279463384551668,0.054418991084844874,1.6476127,1.0233594,"(0.45, 0.6]"
2022-11-25,0.5345455427362816,0.20066050417424555,FIFA World Cup,2074.160743220956,1944.73017983803,129.43056338292627,4018.890923058986,2.3,0.9,3.2,0.7,0.5,1.2,4,5,1,60,1.0,1.0,0,0.2647939530894729,0.42142587376652485,0.6613611408266983,0.3950732930078704,0.1938872320872971,0.07988701172348184,0.028209275468665723,1.4764535,0.79010946,"(0.45, 0.6]"
2022-11-25,0.4522426640865921,0.26469102544576,FIFA World Cup,1738.6493318653786,1788.049707327863,50.59962453751564,3526.6990391932413,1.0,0.8,1.8,1.3,1.1,2.4,5,4,0,60,1.0,3.0,1,0.2830663104676477,0.437694538879931,0.6501858354409105,0.3825407893609929,0.1845176450657854,0.074633772047494,0.02585375457034615,1.2980268,0.92159,"(0.45, 0.6]"
2022-11-26,0.43415467041776484,0.27677222178035715,FIFA World Cup,1863.914634448637,1804.7411322988696,59.17350214976727,3668.6557667475063,1.0,1.3,2.3,0.6,0.5,1.1,4,4,1,60,2.0,0.0,0,0.2890731078018781,0.42983395264098373,0.6377411794576174,0.3688887511509873,0.17453289676227127,0.0691566917571064,0.023450244205155648,1.2404581,0.928269,"(0.3, 0.45]"
2022-11-26,0.5952865380390335,0.17240213434046886,FIFA World Cup,2137.724002733441,1906.6882925081472,231.03571022529377,4044.412295241588,2.7,0.4,3.1,1.2,1.0,2.2,4,4,1,60,2.0,0.0,0,0.23231132762049755,0.46288120313649167,0.7275134097030356,0.47496900558143446,0.25830147138017995,0.11888592818055388,0.047119961923356206,1.7531319,0.82068324,"(0.45, 0.6]"
2022-11-26,0.4367486263649239,0.28547323261859897,FIFA World Cup,1844.217143813817,1807.244386592322,36.97275722149516,3651.461530406139,1.4,0.5,1.9,1.4,1.1,2.5,4,4,1,60,0.0,1.0,0,0.277778141016477,0.4643273333982678,0.6742676181504317,0.40987950615051943,0.20521189225963243,0.08638421920657047,0.031192230147732508,1.315585,1.0067692,"(0.3, 0.45]"
2022-11-26,0.464259310652873,0.2799266156509085,FIFA World Cup,2075.691870649007,1988.4266345016672,87.26523614733969,4064.118505150674,1.8,0.9,2.7,1.4,1.1,2.5,4,4,1,60,2.0,1.0,1,0.2558140736962186,0.5253014204045583,0.7391582860640357,0.4901315584841348,0.27146544457076477,0.12746021116072814,0.051591090414585344,1.5162843,1.1179644,"(0.45, 0.6]"
2022-11-27,0.45737270384319495,0.2807675093444129,FIFA World Cup,1935.0945576666827,1839.051511600651,96.0430460660316,3774.1460692673336,1.8,0.8,2.6,1.4,1.3,2.7,4,4,1,60,0.0,1.0,0,0.2618597868123923,0.5073340747440505,0.7208641063151616,0.4664700771693516,0.25106106841234566,0.11426233572546246,0.04476146063124497,1.4578228,1.0824374,"(0.45, 0.6]"
2022-11-27,0.4859016959237882,0.2575806321729563,FIFA World Cup,2119.5053681505037,1973.3369832121105,146.16838493839327,4092.842351362614,2.5,0.7,3.2,1.6,1.2,2.8,4,4,1,60,1.0,1.0,0,0.2565176719032555,0.5056249946663609,0.7258624355014991,0.4728496813678478,0.25648928714294383,0.1177260644663472,0.04652918192571303,1.5274255,1.0379834,"(0.45, 0.6]"
2022-11-27,0.5925345579252322,0.1737791277987432,FIFA World Cup,2091.0545853861427,1870.5310144759208,220.5235709102219,3961.585599862064,1.8,1.2,3.0,1.5,0.8,2.3,4,4,1,60,0.0,2.0,0,0.23368631427602457,0.4615272307659005,0.7250094906838089,0.4717548172373647,0.2555509699074806,0.11712083859700517,0.04621404765393111,1.7408488,0.82025516,"(0.45, 0.6]"
2022-11-27,0.44056560555911356,0.2921779714381067,FIFA World Cup,1953.9130556358475,1884.3980313626555,69.51502427319201,3838.311086998503,1.2,0.8,2.0,1.5,1.0,2.5,4,4,1,60,4.0,1.0,1,0.2672564230027797,0.49806075263746713,0.7086970100526384,0.4511990304829443,0.23828271866877085,0.10624278214487935,0.04073518551715036,1.3960992,1.0844986,"(0.3, 0.45]"
2022-11-28,0.6241185132919571,0.14920967597732043,FIFA World Cup,1895.014236649141,1691.282323532537,203.7319131166037,3586.2965601816777,1.8,0.8,2.6,1.1,1.2,2.3,4,4,1,60,2.0,3.0,1,0.2266718107307226,0.43186259102728713,0.7153009061961186,0.45943990517235284,0.24513626850228806,0.11051420269433042,0.04286028553639115,1.7798437,0.7328914,"(0.6, 0.75]"
2022-11-28,0.41263614018791517,0.3078904337109685,FIFA World Cup,2047.473350319417,1993.8340847550928,53.639265564324205,4041.30743507451,2.3,0.6,2.9,1.8,0.2,2.0,4,4,1,60,2.0,0.0,0,0.27947342610111636,0.46986774418378263,0.675984070341293,0.41187590738931484,0.20675994649862828,0.08728458569798668,0.03161125135010224,1.2717757,1.0581329,"(0.3, 0.45]"
2022-11-28,0.6629183253227895,0.12440297580417073,FIFA World Cup,2242.9725589211,1966.6707218688389,276.30183705226113,4209.643280789938,2.9,0.3,3.2,0.9,1.4,2.3,4,4,1,60,1.0,0.0,0,0.2126786988730395,0.4096419727613765,0.7195517903862985,0.4648011898807963,0.24964275480750872,0.11335312852794405,0.0442882564950297,1.8718762,0.6618776,"(0.6, 0.75]"
2022-11-28,0.20511244849615098,0.5489131661825992,FIFA World Cup,1704.7500023807029,1920.2318457708957,-215.48184339019255,3624.9818481515986,0.8,1.1,1.9,1.9,1.1,3.0,4,4,1,60,3.0,3.0,1,0.24597438532124982,0.4771064034415683,0.7200349052326298,0.46541676804683163,0.25016828713770617,0.11369359690419827,0.044470005654993545,0.89641523,1.6397177,"(0.0, 0.3]"
2022-11-29,0.49004820439692903,0.24475421450404417,FIFA World Cup,1955.416289630807,1839.5574461693432,115.8588434614635,3794.97373580015,0.7,0.5,1.2,1.6,1.1,2.7,4,4,1,60,1.0,2.0,1,0.26519758109902664,0.4691893897563521,0.6922468366618761,0.43111660121353174,0.22193675074365377,0.096263224942992,0.03586033221047645,1.4575207,0.9456462,"(0.45, 0.6]"
2022-11-29,0.15053522661287946,0.6220104731779083,FIFA World Cup,1687.1415930238984,2063.4746334281795,-276.33304040428106,3750.616226452078,1.1,1.1,2.2,2.2,1.0,3.2,4,4,0,60,0.0,2.0,0,0.22745430020921228,0.4326163796595229,0.7147859115601659,0.45879329356798065,0.24459509413782096,0.11017461065187835,0.0426899485822104,0.73603404,1.7741735,"(0.0, 0.3]"
2022-11-29,0.1826610952144453,0.5930965370552953,FIFA World Cup,1802.6836180484024,2025.6741656536117,-222.9905476052093,3828.357783702014,0.9,1.5,2.4,1.5,1.3,2.8,4,4,1,60,0.0,3.0,1,0.22424236773025924,0.5057684372029891,0.7631013445303079,0.5224434599190165,0.30053934459349396,0.14708051502531708,0.062180377547871535,0.9167847,1.849434,"(0.0, 0.3]"
2022-11-29,0.34280962880656124,0.3830551284548206,FIFA World Cup,1900.76367371039,1904.390862879831,-3.6271891694409537,3805.154536590221,1.1,1.3,2.4,1.5,0.7,2.2,4,4,1,60,0.0,1.0,0,0.2741352427386183,0.49462507724058136,0.698571074876852,0.4387623462791995,0.2280993953534294,0.0999891530639569,0.03766311383458935,1.1745224,1.2579935,"(0.3, 0.45]"
2022-11-30,0.1286633850278719,0.6623929050549513,FIFA World Cup,1901.323713698627,2156.5491129556954,-255.22539925706835,4057.872826654322,1.1,1.2,2.3,2.7,0.3,3.0,4,4,1,60,0.0,2.0,0,0.20894370991717676,0.4313231179608943,0.7373831897510469,0.48779290998329083,0.26940750969097654,0.12609609015609344,0.050859694530332934,0.70386964,1.9210571,"(0.0, 0.3]"
2022-11-30,0.2568658411111089,0.4576616654894248,FIFA World Cup,1767.3320530488795,1887.863182285893,-120.53112923701336,3655.195235334773,0.6,0.6,1.2,1.2,0.9,2.1,4,4,1,60,1.0,2.0,1,0.2854724933994663,0.42623986102855804,0.6395930670104896,0.3709002649471275,0.17598944109251125,0.06994762782858574,0.023793736780692843,0.8880797,1.2881322,"(0.0, 0.3]"
2022-11-30,0.24390133805741976,0.5008392043319361,FIFA World Cup,1840.4248744301376,1965.8071664592424,-125.38229202910476,3806.23204088938,1.1,1.1,2.2,1.5,1.1,2.6,4,4,1,60,1.0,0.0,0,0.25525945761064434,0.4965830258881301,0.7215398637140882,0.46732858554915657,0.25178789523062756,0.11472339463583206,0.04499483509364082,0.99668574,1.5469546,"(0.0, 0.3]"
2022-11-30,0.13601190582036504,0.654918993719251,FIFA World Cup,1811.0366559760016,2098.3113386914315,-287.2746827154301,3909.347994667433,1.3,0.6,1.9,1.8,1.0,2.8,4,4,1,60,1.0,0.0,0,0.2090691004603839,0.4502480166642116,0.7484422463634895,0.5024698781313416,0.282393364019575,0.13471314160773762,0.05543363037180901,0.7466074,1.937554,"(0.0, 0.3]"
2022-12-01,0.33431506668177197,0.3986731424022876,FIFA World Cup,1996.046798696342,2020.796433077329,-24.74963438098712,4016.843231773671,1.5,0.8,2.3,1.6,1.2,2.8,4,4,1,60,0.0,0.0,0,0.26701179091594046,0.5151882754873589,0.7201044633463399,0.4655061951075737,0.25024591069433616,0.11374560071713243,0.04449981420463658,1.2002406,1.3362293,"(0.3, 0.45]"
2022-12-01,0.238864644036794,0.5101670010723797,FIFA World Cup,1842.264288302161,1940.7891667847343,-98.52487848257329,3783.053455086895,1.6,1.3,2.9,1.6,0.6,2.2,4,4,1,60,1.0,2.0,1,0.2509683548908264,0.5040849282402207,0.7312423794391536,0.4797871176614469,0.2624529528545871,0.12157061798605422,0.04851139217809982,1.0030268,1.5898896,"(0.0, 0.3]"
2022-12-01,0.20146088722854455,0.5662645414435998,FIFA World Cup,1897.006510714913,2107.5796063123134,-210.5730955974004,4004.5861170272265,1.8,0.8,2.6,2.4,0.7,3.1,4,4,1,60,2.0,1.0,1,0.23227457132785576,0.5123992804965001,0.7578283462459321,0.5151910752738338,0.29389025509702965,0.14250980307068598,0.059668569179580536,0.95887214,1.7773211,"(0.0, 0.3]"
2022-12-01,0.2520686439794303,0.503879015157315,FIFA World Cup,1877.1395585524208,1985.2627450503007,-108.12318649787994,3862.4023036027215,1.4,1.3,2.7,1.5,1.3,2.8,4,4,1,60,2.0,4.0,1,0.24405234086325467,0.5390250611421751,0.7607982561507689,0.5192678406620685,0.2976219688641933,0.14507319239134425,0.06107928259424295,1.0974195,1.6555986,"(0.0, 0.3]"
2022-12-02,0.28689784501637333,0.4640096085767191,FIFA World Cup,1903.6936899892105,1956.512087281445,-52.81839729223475,3860.2057772706553,2.1,1.4,3.5,0.8,1.3,2.1,4,4,1,60,2.0,3.0,1,0.24909254640690764,0.5515930492311808,0.7630130170259383,0.5223239281880275,0.3004336723781542,0.14701390417920623,0.06215168185832292,1.1874273,1.5782601,"(0.0, 0.3]"
2022-12-02,0.018097334472386428,0.9191402763750182,FIFA World Cup,1721.288158162388,2253.131193508493,-531.8430353461051,3974.419351670881,1.1,1.4,2.5,3.0,0.3,3.3,4,4,1,60,1.0,0.0,0,0.06276238915259548,0.3033843066575314,0.8911555425217486,0.7281444624955367,0.5224039953710791,0.3276512530768887,0.18016979291994906,0.37656096,3.409816,"(0.0, 0.3]"
2022-12-02,0.1844459741221038,0.5751276284385202,FIFA World Cup,1737.1010999437124,1955.7267885535289,-218.6256886098165,3692.8278884972415,1.4,1.4,2.8,1.7,0.4,2.1,4,4,1,60,0.0,2.0,0,0.24042639743937608,0.4611894389696631,0.71664614094139,0.46113343627243075,0.24655858298676145,0.11141158201213656,0.04331520783684973,0.8354785,1.6838661,"(0.0, 0.3]"
2022-12-02,0.16441060105334002,0.62595030919925,FIFA World Cup,1849.195460237965,2085.5806465209807,-236.3851862830154,3934.7761067589463,1.8,1.1,2.9,2.2,0.5,2.7,4,4,1,60,2.0,1.0,1,0.20963908974741005,0.5161018667093612,0.7859472907226595,0.5548110467349822,0.3311146708818285,0.1687426829153833,0.07445537092609049,0.9100823,1.993353,"(0.0, 0.3]"
2022-12-03,0.5114031071024502,0.23124585744173018,FIFA World Cup,2078.7103118015675,1934.0776775687425,144.632634232825,4012.7879893703102,2.0,0.8,2.8,1.1,0.6,1.7,4,4,1,60,3.0,1.0,1,0.2573510354558198,0.4774105749891499,0.7068111742098034,0.44886381903416583,0.23635454239140055,0.10504811953096417,0.040142240759800496,1.5327637,0.9387787,"(0.45, 0.6]"
2022-12-03,0.6997265737900904,0.10907332740293664,FIFA World Cup,2173.384956198754,1880.8045223056477,292.5804338931064,4054.1894785044014,2.8,0.3,3.1,1.0,0.9,1.9,3,3,1,60,2.0,1.0,1,0.19120009880697297,0.4249610117235646,0.7564876125768869,0.51335286016834,0.29220485622461595,0.14134271342988422,0.059010933001389994,2.0613372,0.66737187,"(0.6, 0.75]"
2022-12-04,0.5351960335807944,0.22015438960749317,FIFA World Cup,2047.9480225445031,1884.4878704555683,163.46015208893505,3932.435893000072,1.6,1.0,2.6,0.9,1.4,2.3,4,4,1,60,3.0,1.0,1,0.24464957681171273,0.5010913641154681,0.73663973518272,0.48682187239270464,0.26856523199192156,0.12555315747382406,0.050586536818752324,1.6546822,0.96630704,"(0.45, 0.6]"
2022-12-04,0.5395248205922327,0.2248203811028116,FIFA World Cup,2048.452004612192,1879.2064655115064,169.24553910068585,3927.658470123698,1.6,1.2,2.8,1.7,1.2,2.9,5,5,1,60,3.0,0.0,1,0.23565479830495561,0.5348752901785346,0.767583642018247,0.5286733056205978,0.30631293730639825,0.15109529119376716,0.06441611235483763,1.7497317,1.0424502,"(0.45, 0.6]"
2022-12-05,0.28008035820906146,0.46486490331451297,FIFA World Cup,1943.2473249591608,1998.1802464445952,-54.93292148543469,3941.427571403756,1.6,0.8,2.4,1.3,0.7,2.0,4,4,1,60,1.0,1.0,0,0.25505473847642557,0.5277839244202361,0.7415760245025581,0.49332373670117635,0.27427521141738953,0.12931504754351966,0.05257059438414653,1.1234614,1.5236263,"(0.0, 0.3]"
2022-12-05,0.6991589894764396,0.10840199317007271,FIFA World Cup,2195.8145192363027,1896.948281202784,298.8662380335186,4092.7628004390863,2.9,0.3,3.2,1.8,1.0,2.8,3,3,1,60,4.0,1.0,1,0.19243901735348762,0.41909678630835834,0.7515098586130474,0.506596611171355,0.2860918411176655,0.13719517834729153,0.056760759885481786,2.0443366,0.65667826,"(0.6, 0.75]"
2022-12-06,0.25961643601158674,0.48321868038881916,FIFA World Cup,1962.5027828321515,2061.338792068066,-98.83600923591462,4023.841574900218,1.7,0.6,2.3,2.0,0.9,2.9,5,5,1,60,0.0,0.0,0,0.2571648835995941,0.5054483094955164,0.7250098792702193,0.4717570584165039,0.25555578892039743,0.11712794602167662,0.04622265398799395,1.0411621,1.51993,"(0.0, 0.3]"
2022-12-06,0.4336530057450475,0.297224524186029,FIFA World Cup,2037.8278255561625,1981.9861928764703,55.84163267969166,4019.814018432633,2.1,0.7,2.8,1.0,1.4,2.4,4,4,1,60,6.0,1.0,1,0.26912247006892354,0.49516129134621045,0.7046659044477375,0.44621880196660735,0.23418086066121094,0.1037090306772202,0.0394831725517503,1.373311,1.0879811,"(0.3, 0.45]"
2022-12-09,0.18851330928413282,0.5537922876652349,FIFA World Cup,1993.4760907438156,2211.7554151740924,-218.2793244302768,4205.231505917908,1.4,0.5,1.9,2.9,0.4,3.3,4,4,1,60,1.0,1.0,0,0.2576944030506324,0.42222063434933454,0.6705916049427078,0.40562503682811957,0.20192862573606496,0.08448297536488446,0.030310275052060534,0.77317005,1.533118,"(0.0, 0.3]"
2022-12-09,0.2652107990775628,0.45804939093718233,FIFA World Cup,2105.989440609323,2182.7771387155453,-76.78769810622225,4288.766579324869,2.2,0.8,3.0,2.7,0.4,3.1,6,6,1,60,2.0,2.0,1,0.2767398099852549,0.454545398341159,0.66896833617504,0.40375674738757716,0.20049567724116263,0.08365954229145182,0.02993284521107508,0.9530887,1.3461442,"(0.0, 0.3]"
2022-12-10,0.2556764829974361,0.4821825998229073,FIFA World Cup,1970.813976190736,2088.2665069373675,-117.45253074663128,4059.080483128104,1.3,0.5,1.8,2.6,0.7,3.3,4,4,1,60,1.0,0.0,0,0.26214091717965665,0.48750890393274077,0.7077405121465526,0.450013549276023,0.23730300251009526,0.10563524004109033,0.04043339673927523,0.99899924,1.4769995,"(0.0, 0.3]"
2022-12-10,0.3431226529263894,0.3719348984397822,FIFA World Cup,2077.2254776267587,2073.2117450522605,4.013732574498135,4150.437222679019,1.6,1.2,2.8,1.4,1.1,2.5,6,6,1,60,1.0,2.0,1,0.2849424486338283,0.46259008990145617,0.6647370581659866,0.39891193672323544,0.19679761819267222,0.08154271621041669,0.028963789482152804,1.1114291,1.1695553,"(0.3, 0.45]"
2022-12-13,0.5459713939255535,0.20893180013629684,FIFA World Cup,2176.252644741932,2010.1816454003551,166.07099934157645,4186.434290142287,2.8,0.5,3.3,1.4,0.5,1.9,4,4,1,60,3.0,0.0,1,0.2450968059381497,0.4849241910544425,0.7259934029017819,0.4730169341502886,0.25663105940962205,0.11781524280907006,0.046572770215801085,1.6489234,0.9171557,"(0.45, 0.6]"
2022-12-14,0.4540347963019318,0.2631227978524163,FIFA World Cup,2103.5583031650326,2010.586187402765,92.97211576226756,4114.144490567798,1.5,1.0,2.5,1.4,0.2,1.6,4,4,1,60,2.0,0.0,0,0.2828424058456518,0.4372058409367823,0.6501228335940267,0.38247086794301444,0.18446590650314856,0.0746050523353813,0.02584099232110985,1.3013052,0.9180504,"(0.45, 0.6]"
2022-12-17,0.3595123553267197,0.3561520702970349,FIFA World Cup,1981.0248797131844,1977.3485486230468,3.676331090137637,3958.373428336231,1.3,0.8,2.1,1.2,0.3,1.5,4,3,1,60,2.0,1.0,1,0.28433557437624574,0.46508483231858266,0.6671216701755885,0.4016376761029318,0.19887473009749349,0.08272984041286541,0.029506564008141535,1.1490179,1.1422269,"(0.3, 0.45]"
2022-12-18,0.40551228350339047,0.33136782208019705,FIFA World Cup,2205.409410429103,2136.795941944751,68.61346848435187,4342.205352373854,2.8,0.5,3.3,1.6,0.9,2.5,5,4,1,60,3.0,3.0,1,0.2631198944164126,0.5268560613350972,0.7319888114818656,0.480756284563077,0.2632924566423933,0.12211691788780091,0.04879701753207381,1.3775429,1.2192208,"(0.3, 0.45]"
2026-06-11,0.8132968371227495,0.05390538646380031,FIFA World Cup,1974.169963371129,1653.6665340799482,420.50342929118074,3627.836497451077,1.6,0.4,2.0,1.5,1.0,2.5,7,5,0,60,2.0,0.0,0,0.13279777641345034,0.3603647622748075,0.8028134912851684,0.5797231351629977,0.35562289496492233,0.18678687310658856,0.08502668846152964,2.515923,0.49765736,"(0.75, 1.0]"
2026-06-11,0.4762731782515394,0.26557390878970505,FIFA World Cup,1878.9673202910133,1793.3934385659577,85.5738817250558,3672.3607588569703,1.5,1.2,2.7,2.2,0.9,3.1,8,7,1,60,2.0,1.0,1,0.25815291295875553,0.5074096252071404,0.7251351798925235,0.47191758870237505,0.25569294553001676,0.1172159065871376,0.04626787760007318,1.5062048,1.0555205,"(0.45, 0.6]"
2026-06-12,0.7854584779544169,0.062415064185321535,FIFA World Cup,1893.390583028517,1646.1091390704637,347.2814439580534,3539.499722098981,1.1,0.4,1.5,2.0,1.0,3.0,7,6,0,60,1.0,1.0,0,0.1521264578602617,0.34785248442866373,0.7677949774852224,0.5289491788980306,0.3065363419559947,0.15120347553377167,0.06441604105764959,2.3051875,0.48840788,"(0.75, 1.0]"
2026-06-12,0.38242977165535197,0.34246936751856344,FIFA World Cup,1823.437392852,1915.5036750345057,7.933717817494653,3738.9410678865056,1.8,1.7,3.5,1.2,1.0,2.2,6,7,0,60,4.0,1.0,1,0.27510086082608454,0.491626783199517,0.6954865491898052,0.4350218847678432,0.22507547465782238,0.09815568148000962,0.036773793056741395,1.2504025,1.1677345,"(0.3, 0.45]"
2026-06-13,0.2452526580311358,0.49136723167439716,FIFA World Cup,1697.0726316350251,1830.6120017790336,-133.53937014400867,3527.684633414059,1.5,1.0,2.5,2.1,1.0,3.1,8,7,1,60,0.0,1.0,0,0.2633801102944671,0.47468184928660767,0.6979658280269775,0.4380262053739982,0.227502146752821,0.09962520323611214,0.03748498880066575,0.9568038,1.4728842,"(0.0, 0.3]"
2026-06-13,0.2820445794434956,0.4620868937474503,FIFA World Cup,1899.39452252582,1959.868135238128,-60.47361271230807,3859.262657763947,1.3,1.0,2.3,2.5,1.3,3.8,7,7,1,60,2.0,0.0,0,0.2558685268090542,0.5265883715804263,0.7399115118250532,0.49112440942118096,0.2723379236898002,0.1280352471960007,0.051894301383322815,1.1245254,1.513712,"(0.0, 0.3]"
2026-06-13,0.07334122719401738,0.7708029537287648,FIFA World Cup,1565.707588951255,1957.704900355838,-391.9973114045829,3523.412489307093,0.7,1.5,2.2,2.2,0.8,3.0,7,7,1,60,1.0,1.0,0,0.1558558190772178,0.391993712006669,0.7858610345188062,0.5546701947564379,0.33095067188014327,0.1685834313546048,0.07431138765654809,0.56929547,2.3337545,"(0.0, 0.3]"
2026-06-13,0.4639204456651191,0.27819873462907746,FIFA World Cup,2065.0893317160535,1985.286250081023,79.80308163503082,4050.375581797076,2.5,1.1,3.6,2.2,0.3,2.5,7,6,1,60,1.0,1.0,0,0.2578808197058035,0.5176948346275106,0.7320070871646847,0.4807797238017955,0.26331225929512303,0.12212909710117544,0.04880250424352625,1.4978552,1.0990052,"(0.45, 0.6]"
2026-06-14,0.359650570465775,0.37492413461208546,FIFA World Cup,1762.8354103071165,1758.0409677611644,4.794442545952052,3520.876378068281,1.3,2.0,3.3,1.3,1.4,2.7,10,8,1,60,5.0,1.0,1,0.2654252949221395,0.5239667796860312,0.7275588132329848,0.4750297729024546,0.25835750812159863,0.11892739466667426,0.04714799435361392,1.270786,1.3032418,"(0.3, 0.45]"
2026-06-14,0.3982095825462658,0.33102973140697795,FIFA World Cup,2009.221999073668,1991.396113509084,17.82588556458427,4000.618112582752,2.2,0.8,3.0,1.9,0.6,2.5,6,14,1,60,2.0,2.0,1,0.27076068604675635,0.5027133193693476,0.7077344218023848,0.4500063864467426,0.23729770940419267,0.10563280954155954,0.04043322822924876,1.3082242,1.1677425,"(0.3, 0.45]"
2026-06-14,0.8569369018885408,0.04279118343037426,FIFA World Cup,2003.8094976490272,1600.8159026174792,402.99359503154824,3604.6254002665064,2.8,0.8,3.6,1.9,1.4,3.3,8,8,1,60,7.0,1.0,1,0.10027191468108496,0.4103251364922483,0.8717085573412111,0.6924976616627608,0.4789235948195966,0.28802888726605314,0.1515299577449414,3.010279,0.5649624,"(0.75, 1.0]"
2026-06-14,0.20379585111483117,0.5414245037499495,FIFA World Cup,1802.920063015992,2023.9273099662937,-221.0072469503016,3826.8473729822854,1.9,0.8,2.7,1.2,0.5,1.7,10,7,1,60,1.0,0.0,0,0.25477964513521933,0.45110083350678953,0.6929019959381288,0.4319038287640904,0.22256695739033783,0.09664099919961491,0.03604069752436995,0.846767,1.5594208,"(0.0, 0.3]"
2026-06-15,0.5994611905736112,0.16651118909561946,FIFA World Cup,1969.3878771652885,1790.382173464263,179.0057037010256,3759.7700506295514,3.7,0.6,4.3,1.3,0.6,1.9,9,9,1,60,1.0,1.0,0,0.23402762033076943,0.4470496985688213,0.7155930936318814,0.4598077856135076,0.24544561031907916,0.11071012877514377,0.04296067638433109,1.7303379,0.78382736,"(0.45, 0.6]"
2026-06-15,0.6172808129019913,0.1488816348790243,FIFA World Cup,1895.7397108169407,1722.1121394393294,173.62757137761128,3617.85185025627,1.7,0.6,2.3,0.7,1.8,2.5,11,9,1,60,2.0,2.0,1,0.23383755221898445,0.412425511479291,0.6941162634162239,0.4333650297802085,0.2237380615492663,0.097343264110731,0.03637536497314189,1.7121257,0.6996785,"(0.6, 0.75]"
2026-06-15,0.8632401134373948,0.03899232358003492,FIFA World Cup,2207.6178934561335,1644.3954349606108,563.2224584955227,3852.013328416744,2.8,0.4,3.2,1.6,1.2,2.8,7,9,1,60,0.0,0.0,0,0.09776756298257028,0.38623120672914546,0.8658156045074372,0.6820519379935317,0.4665818985626941,0.27709665330279915,0.14378936560361133,2.9957604,0.5218561,"(0.75, 1.0]"
2026-06-15,0.15785619530993183,0.6118314682357047,FIFA World Cup,1690.21925169981,1972.48469016402,-282.2654384642101,3662.70394186383,1.2,1.3,2.5,1.0,0.9,1.9,6,60,1,60,1.0,1.0,0,0.2303123364543636,0.44017758330036305,0.7159076995651058,0.46020305354089375,0.24577640749506982,0.11091734084525778,0.04306395343081562,0.75940365,1.756311,"(0.0, 0.3]"
2026-06-16,0.52732997497789,0.2225979582015573,FIFA World Cup,1892.1180169218271,1773.8707877162597,118.24722920556768,3665.988804638087,2.7,0.4,3.1,1.7,1.5,3.2,15,9,1,60,3.0,1.0,1,0.2500720668205527,0.48820934726898757,0.722238523203246,0.4682174405870504,0.252541515341993,0.11520221189352656,0.04523766948934938,1.6018791,0.9452629,"(0.45, 0.6]"
2026-06-16,0.6959564513877807,0.11145747077344666,FIFA World Cup,2186.1939895337377,1893.136221356064,293.0577681776738,4079.3302108898015,2.5,0.3,2.8,2.1,0.4,2.5,7,6,1,60,3.0,0.0,1,0.19258607783877285,0.4285509818807363,0.756745817357343,0.5137055125501078,0.29252617740576825,0.1415626417474768,0.05913183388351548,2.053646,0.67651016,"(0.6, 0.75]"
2026-06-16,0.2096106954792021,0.5442059661591737,FIFA World Cup,1737.645465911577,1953.6601677821404,-216.0147018705634,3691.3056336937175,1.1,1.0,2.1,3.1,0.8,3.9,7,9,1,60,1.0,4.0,1,0.2461833383616243,0.4827222192118919,0.7233299751128827,0.4696087068599173,0.25372358740792683,0.11595512660333421,0.04562087164163471,0.91405094,1.6385745,"(0.0, 0.3]"
2026-06-16,0.5749383899621433,0.20162784746311724,FIFA World Cup,2118.663542945126,1906.7000674974229,211.96347544770356,4025.3636104425486,2.5,0.9,3.4,1.6,0.9,2.5,8,7,1,60,3.0,1.0,1,0.22343376257473965,0.5409526303354629,0.7847398128692423,0.5530627835833869,0.32942907065550586,0.16752683855224568,0.07375803270687274,1.878139,1.0177076,"(0.45, 0.6]"
2026-06-17,0.6855942171489436,0.11562329658422449,FIFA World Cup,2027.595899485691,1751.6296269201357,275.9662725655553,3779.2255264058263,2.6,0.9,3.5,1.1,0.5,1.6,7,8,1,60,1.0,1.0,0,0.19878248626683181,0.42331415313688076,0.7457046882657076,0.4988044307666155,0.27912016250612154,0.13251892499629597,0.05425415707426005,1.9962313,0.67307657,"(0.6, 0.75]"
2026-06-17,0.17638865316105956,0.5994299916291268,FIFA World Cup,1819.8946413540475,2060.4554549400264,-240.56081358597885,3880.350096294074,1.4,0.9,2.3,2.5,1.0,3.5,9,10,1,60,1.0,3.0,1,0.22418135520981372,0.49431273847414975,0.7563364724345281,0.5131522341302747,0.2920319306161056,0.14123827011673898,0.058970915430908585,0.8851511,1.842661,"(0.0, 0.3]"
2026-06-17,0.5184037243890471,0.21958479472234615,FIFA World Cup,2083.64855727761,1962.0179260330297,121.6306312445804,4045.66648331064,2.4,0.2,2.6,1.9,1.0,2.9,7,10,1,60,4.0,2.0,1,0.26201148088860676,0.4516451418583798,0.6845664474657612,0.4219552128704673,0.2146511822380007,0.09191758751186109,0.03378640606423459,1.4957081,0.8724773,"(0.45, 0.6]"
2026-06-17,0.20826028137146632,0.5427186950888552,FIFA World Cup,1631.1953727768675,1846.188576802625,-214.99320402575745,3477.3839495794928,1.1,1.4,2.5,1.8,1.6,3.4,15,11,1,60,1.0,0.0,0,0.24902102353967853,0.4728386705921977,0.7137209757827727,0.4574598325940255,0.24348339242885378,0.10948165778417901,0.042347295238766194,0.89338166,1.6115994,"(0.0, 0.3]"
2026-06-18,0.5554190956607565,0.19990837341020926,FIFA World Cup,1770.6366030405202,1646.3212427385129,124.31536030200732,3416.957845779033,2.1,1.1,3.2,1.2,1.2,2.4,7,7,1,60,1.0,1.0,0,0.24467253092903418,0.47333928787176527,0.7192033946825067,0.4643631257213173,0.24927813573813842,0.11312946179237283,0.04418383646113961,1.6506963,0.8813014,"(0.45, 0.6]"
2026-06-18,0.5836179675877506,0.176556380893599,FIFA World Cup,1981.515254712564,1901.7241558164503,179.79109889611368,3883.239410529015,1.8,0.4,2.2,1.5,1.3,2.8,7,7,0,60,1.0,0.0,0,0.23982565151865,0.44948779402615974,0.7100165110893104,0.4528360918927936,0.23963543128395612,0.10707910615803745,0.04114617975636419,1.6841869,0.8027908,"(0.45, 0.6]"
2026-06-18,0.6918909730798144,0.11478099503649691,FIFA World Cup,1933.3922237918416,1668.9513721476062,264.44085164423564,3602.3435959394483,1.9,0.9,2.8,1.5,1.1,2.6,5,6,1,60,4.0,1.0,1,0.1933280318836888,0.4368789492642752,0.7605533804832396,0.5189234779912266,0.29729332331108194,0.14482898128339605,0.060922075660439584,2.0566523,0.6950372,"(0.6, 0.75]"
2026-06-18,0.757593146879381,0.0711899801061789,FIFA World Cup,1870.5483499513743,1590.0202655152511,380.52808443612344,3460.5686154666255,0.9,0.5,1.4,0.6,1.4,2.0,6,5,0,60,6.0,0.0,1,0.17121687301444008,0.3369076549434244,0.7337117803947598,0.48298475302686955,0.26520377987733235,0.12333070551077896,0.04939231157625681,2.1234105,0.48238328,"(0.75, 1.0]"
2026-06-19,0.44499052995790034,0.301092409082678,FIFA World Cup,1907.1137192196263,1864.202308165404,42.911411054222526,3771.31602738503,2.2,1.3,3.5,1.3,1.3,2.6,6,7,1,60,0.0,1.0,0,0.2539170609594217,0.5444274715485983,0.7532953772319411,0.5090203079692117,0.2882915748633142,0.13870250576924512,0.05760064185669497,1.5124433,1.1983786,"(0.3, 0.45]"
2026-06-19,0.4038569045418202,0.3354838180483224,FIFA World Cup,1874.7387597211016,1952.1489385443217,22.589821176780333,3826.8876982654233,2.2,1.6,3.8,1.4,1.0,2.4,7,6,0,60,2.0,0.0,0,0.2606592774098573,0.5359268127112219,0.7405143676119548,0.49192042321537843,0.2730388687635329,0.12849853715303766,0.052139768541795084,1.3942518,1.2471828,"(0.3, 0.45]"
2026-06-19,0.25009073485203753,0.4915719571504775,FIFA World Cup,1849.617438058029,1992.0583244890704,-142.44088643104146,3841.675762547099,2.2,1.0,3.2,2.0,0.4,2.4,6,6,1,60,0.0,1.0,0,0.2583373079974851,0.4935309576223979,0.7160299056229892,0.4603588316501523,0.2459104298459971,0.11100628429165202,0.04311441534923579,1.0011876,1.5151128,"(0.0, 0.3]"
2026-06-19,0.808155731426613,0.06198286872480998,FIFA World Cup,2058.3172573080055,1678.06719535603,380.2500619519756,3736.384452664035,2.3,1.2,3.5,1.5,1.1,2.6,6,6,1,60,3.0,0.0,1,0.12986139984857703,0.423607160784375,0.8369933247247912,0.6332935789735914,0.4116136879655347,0.23067835875297577,0.11253469418010809,2.6567452,0.60805845,"(0.75, 1.0]"
2026-06-20,0.5609300118582515,0.20545827363496325,FIFA World Cup,2015.2200999841584,1849.78741512438,165.4326848597782,3865.0075151085384,3.5,0.7,4.2,2.0,0.7,2.7,6,6,1,60,2.0,1.0,1,0.23361171450678525,0.5143385256398472,0.7574725847114931,0.5147046869714769,0.29344705710954777,0.1422071097322846,0.05950344271044754,1.7651365,0.96905077,"(0.45, 0.6]"
2026-06-20,0.8486842259066518,0.04538787785827205,FIFA World Cup,1977.0599578579051,1589.4053002823482,387.65465757555694,3566.465258140254,1.2,0.6,1.8,2.0,2.1,4.1,6,6,1,60,0.0,0.0,0,0.10592789623507612,0.4059370753307833,0.8621106185984643,0.6755836527107224,0.45906555586894515,0.2705669946681511,0.1392829751130202,2.9218996,0.56046176,"(0.75, 1.0]"
2026-06-20,0.6503074437298804,0.15161764642502554,FIFA World Cup,2007.6841375756587,1818.309236860301,189.37490071535763,3825.99337443596,2.3,0.9,3.2,1.6,1.9,3.5,6,6,1,60,5.0,1.0,1,0.19807490984509413,0.5252241804823137,0.8042087796229993,0.5818555564657377,0.35781665242222965,0.1885136292448353,0.08616171396698197,2.1127717,0.90997154,"(0.6, 0.75]"
2026-06-20,0.14170985312587747,0.6404268727545509,FIFA World Cup,1702.5671412079798,1992.933975007093,-290.36683379911324,3695.501116215073,1.2,1.7,2.9,1.5,0.8,2.3,6,6,1,60,0.0,4.0,1,0.2178632741195718,0.4390473487252358,0.7307489844252807,0.47914464524184225,0.2618927067956158,0.12120036546372087,0.04831048452265908,0.7348614,1.8555384,"(0.0, 0.3]"
2026-06-21,0.7992876961263542,0.06107895718228692,FIFA World Cup,2179.8744515616913,1710.3470307423825,469.5274208193089,3890.221482304074,2.5,0.4,2.9,1.1,1.3,2.4,6,6,1,60,4.0,0.0,1,0.13963334669135893,0.38082580395858096,0.8030100983152285,0.5800234968661139,0.3559319937757534,0.1870305841250603,0.08518759306622294,2.477458,0.53740704,"(0.75, 1.0]"
2026-06-21,0.7062963626762131,0.10595903964601766,FIFA World Cup,1952.3569111214476,1672.1388768550532,280.2180342663944,3624.4957879765007,1.1,0.8,1.9,1.4,1.2,2.6,6,6,1,60,2.0,2.0,1,0.18774459767776933,0.42496134724914714,0.7609818595227014,0.5195119916037417,0.2978311764017075,0.14519603318852403,0.061120243689189134,2.0907576,0.663385,"(0.6, 0.75]"
2026-06-21,0.4630443263728692,0.27593187419110277,FIFA World Cup,1955.167809686077,1881.8823235299249,73.28548615615205,3837.050133216001,3.2,0.7,3.9,1.9,0.7,2.6,6,6,1,60,0.0,0.0,0,0.261023799436028,0.5065586287674032,0.7213173113746347,0.4670459223068715,0.2515488168571876,0.11457213233680631,0.04491880845370876,1.4703496,1.0721753,"(0.45, 0.6]"
2026-06-21,0.27529423254243834,0.4528907349672547,FIFA World Cup,1735.9695267263455,1804.6022409434747,-68.6327142171292,3540.5717676698205,0.9,1.9,2.8,1.3,0.7,2.0,6,6,1,60,1.0,3.0,1,0.27181503249030686,0.4748099743530344,0.6881852038210459,0.426255363269842,0.21805808982069586,0.09394249292905912,0.03474985841829075,1.0086387,1.375938,"(0.0, 0.3]"
2026-06-22,0.7961016765538899,0.06755378830326944,FIFA World Cup,2139.1752918965663,1714.143240168143,425.0320517284233,3853.318532064709,2.6,1.0,3.6,1.1,1.3,2.4,6,6,1,60,3.0,0.0,1,0.1363445351428407,0.43148781787008195,0.8319874717962072,0.6251790913797581,0.402850256376689,0.2235897105481617,0.10796154818119555,2.5973716,0.62777096,"(0.75, 1.0]"
2026-06-22,0.4565081843650332,0.2906392638463232,FIFA World Cup,1977.1623935255743,1886.1883185459824,90.97407497959192,3863.350712071557,3.4,0.9,4.3,1.6,1.1,2.7,6,6,1,60,3.0,2.0,1,0.2528525517886437,0.5417884020641062,0.7528126972161395,0.5083663215616653,0.28770078346362565,0.1383021283177042,0.057383437155359276,1.535249,1.1728976,"(0.45, 0.6]"
2026-06-22,0.690771833580222,0.1138035455161272,FIFA World Cup,2202.592251521102,1922.367760631608,280.22449088949406,4124.960012152709,2.7,0.2,2.9,2.6,0.5,3.1,6,6,1,60,2.0,0.0,0,0.19542462090365081,0.4275355248311702,0.752495453644923,0.5079295400243958,0.2872940523790218,0.13800908757794328,0.057202501281256854,2.0286252,0.677829,"(0.6, 0.75]"
2026-06-22,0.2469257506880927,0.4980283390935053,FIFA World Cup,1743.6210440064792,1876.7379593686996,-133.11691536222042,3620.359003375179,1.6,1.7,3.3,2.0,0.6,2.6,6,6,1,60,1.0,2.0,1,0.255045910218402,0.5001809059982179,0.7240799986663302,0.4705672663224306,0.25454078279503395,0.11647836334451948,0.045889863811359455,1.0088835,1.5475146,"(0.0, 0.3]"
2026-06-23,0.6135939075450872,0.1626005095388557,FIFA World Cup,2007.7708451667736,1801.8728153977577,205.89802976901592,3809.643660564531,2.2,1.0,3.2,1.2,1.2,2.4,6,6,1,60,5.0,0.0,1,0.22380558291605715,0.46823263907967744,0.7410884634023713,0.49267592237346564,0.2736991111248385,0.12892730230429308,0.0523570882814913,1.8283584,0.81615555,"(0.6, 0.75]"
2026-06-23,0.7245345240418045,0.10051954494918895,FIFA World Cup,2078.477280896316,1771.4546812390531,307.02259965726284,3849.9319621353698,2.5,1.1,3.6,1.1,0.6,1.7,6,6,1,60,1.0,0.0,0,0.1749459310090063,0.4461429840980391,0.7891820910530513,0.5595146173316886,0.335666926701654,0.17203539089308897,0.07634432725706464,2.2311676,0.6928123,"(0.6, 0.75]"
2026-06-23,0.8031278297637184,0.061759065047321614,FIFA World Cup,2113.5084213882947,1677.7041356077652,435.8042857805294,3791.21255699606,2.6,0.4,3.0,1.1,1.3,2.4,6,6,1,60,0.0,0.0,0,0.13511310518895997,0.4014243222775961,0.8194425019671556,0.6052540567111482,0.3817543322177873,0.20684249189102544,0.09733308840215113,2.5593228,0.5710943,"(0.75, 1.0]"
2026-06-23,0.24170331342380091,0.5121936950646682,FIFA World Cup,1799.6798139717273,1932.1580619223448,-132.47824795061752,3731.837875894072,1.7,1.6,3.3,2.0,1.4,3.4,6,6,1,60,0.0,1.0,0,0.24610299151153095,0.5218955815346288,0.7479330046201396,0.5017911051602747,0.2817937153139155,0.13432130718647686,0.0552363283179759,1.0437763,1.637572,"(0.0, 0.3]"
2026-06-24,0.7242601252870058,0.09286833515140629,FIFA World Cup,2010.4047088888433,1667.488221123464,342.9164877653793,3677.8929300123073,2.0,0.4,2.4,1.2,1.1,2.3,5,5,1,60,4.0,2.0,1,0.18287153956158786,0.3927565036863308,0.7491663504846588,0.503437316585913,0.28325091836621674,0.13527679868728193,0.05572114848618959,2.0940623,0.5940986,"(0.6, 0.75]"
2026-06-24,0.49155877967952283,0.24392124781471922,FIFA World Cup,1650.1425824700266,1577.1928439784326,72.94973849159396,3227.335426448459,1.5,1.3,2.8,0.5,1.6,2.1,6,6,1,60,3.0,1.0,1,0.26451997250575826,0.47027921458872357,0.6937563204887909,0.43293297248088186,0.22339383240928296,0.09713984223559528,0.0362822095113952,1.4638295,0.9462976,"(0.45, 0.6]"
2026-06-24,0.17155594146977649,0.6177211885668071,FIFA World Cup,1831.271053658256,2068.8962315405715,-237.62517788231548,3900.167285198828,2.0,1.1,3.1,2.6,1.1,3.7,5,5,1,60,0.0,3.0,1,0.21072286996341655,0.5277717969590195,0.7913452930648797,0.5626935112725633,0.33878836324035316,0.17434557520799662,0.07772812527972818,0.9441792,1.9935431,"(0.0, 0.3]"
2026-06-24,0.20142177657064658,0.5486019465899965,FIFA World Cup,1656.6197065641002,1885.9967465214431,-229.3770399573432,3542.6164530855435,1.0,1.2,2.2,1.3,1.2,2.5,6,6,1,60,1.0,0.0,0,0.249976276839357,0.4607758178518786,0.7048935831810887,0.44649808545317204,0.23440845567623075,0.10384693819300592,0.03954842490708859,0.86055523,1.6018286,"(0.0, 0.3]"
2026-06-24,0.7392665890512281,0.08639171300761084,FIFA World Cup,1997.2426640075712,1760.3381392149329,336.90452479263854,3757.580803222504,1.8,0.2,2.0,2.1,1.1,3.2,6,6,0,60,3.0,0.0,1,0.17434169794116122,0.39256243998788853,0.7606787340567741,0.5190913076097807,0.29743924555496665,0.14491794922025064,0.06095664294602535,2.1666071,0.5858382,"(0.6, 0.75]"
2026-06-24,0.4184180320085612,0.30532659428753706,FIFA World Cup,1883.375771488193,1952.2010134694217,31.174758018771627,3835.5767849576146,1.4,0.5,1.9,2.0,1.0,3.0,6,6,0,60,1.0,2.0,1,0.27625537370390185,0.4780320052271768,0.6851550063744252,0.4226530505436666,0.2152032280139936,0.0922457759502686,0.03394334952774137,1.3016553,1.0691822,"(0.3, 0.45]"
2026-06-25,0.5280650549460381,0.23344361764328392,FIFA World Cup,1916.817032764556,1873.427176518685,143.3898562458712,3790.244209283241,2.2,1.6,3.8,2.2,0.8,3.0,6,6,0,60,2.0,3.0,1,0.238491327410678,0.5365061422638893,0.7654184902191704,0.5256576946935198,0.3035130957428261,0.14914604398576028,0.06333099637901593,1.7193351,1.0602428,"(0.45, 0.6]"
2026-06-25,0.35191262729697165,0.37125198750852945,FIFA World Cup,1897.8888508663451,1910.070665500867,-12.18181463452197,3807.959516367212,1.4,1.3,2.7,1.1,1.1,2.2,6,6,1,60,0.0,0.0,0,0.27683538519449885,0.4873398132530216,0.6906583960500342,0.4292112791351452,0.22041348255370094,0.09535037121102023,0.03542337169362497,1.1780151,1.2178552,"(0.3, 0.45]"
2026-06-25,0.17795978290959147,0.5943822549758153,FIFA World Cup,1613.5879695856593,1833.0821500067943,-219.4941804211353,3446.670119592454,1.7,1.9,3.6,1.9,0.9,2.8,5,5,1,60,0.0,2.0,0,0.22765796211459313,0.4867152703680654,0.7476648131697311,0.5014298524068399,0.28146786919733446,0.13409864335439375,0.05511158055868377,0.8730224,1.8068812,"(0.0, 0.3]"
2026-06-25,0.24309702826184687,0.4947937489439703,FIFA World Cup,1952.877288554594,2031.925365101744,-79.04807654715,3984.8026536563384,1.1,0.6,1.7,3.4,0.7,4.1,5,5,1,60,2.0,1.0,1,0.2621092227941829,0.4761906094249966,0.7004373377230823,0.4410358066155718,0.2299453397172098,0.101112681063104,0.038209399148901604,0.9560535,1.4852251,"(0.0, 0.3]"
2026-06-25,0.707152225567908,0.1158983225555772,FIFA World Cup,2010.7344198067808,1790.0049250813286,220.729494725452,3800.73934488811,1.9,0.8,2.7,1.7,2.2,3.9,5,5,1,60,1.0,1.0,0,0.17694945187651479,0.49478776082771103,0.8124429112475969,0.5944099723781362,0.370572197304757,0.19822432933032821,0.09206248927238968,2.2785542,0.8013168,"(0.6, 0.75]"
2026-06-25,0.11118152511950549,0.6907965397504188,FIFA World Cup,1684.7666964082923,2035.9884493546313,-351.22175294633894,3720.7551457629233,0.9,2.1,3.0,2.5,0.8,3.3,5,5,1,60,1.0,3.0,1,0.19802193513007582,0.41185850959702885,0.7399970303355129,0.4912306053398866,0.27242012884486094,0.12807380691409226,0.051895148602309676,0.6482459,1.9905002,"(0.0, 0.3]"
2026-06-26,0.5958158020249428,0.1779263858253624,FIFA World Cup,1863.8689151052129,1705.776673416737,158.09224168847595,3569.64558852195,1.5,1.4,2.9,0.9,1.5,2.4,4,4,1,60,5.0,0.0,1,0.2262578121496949,0.4908710754328357,0.7518275864449766,0.5070312287736771,0.2864924765961342,0.1374787974056877,0.05693031740704407,1.8218567,0.88086426,"(0.45, 0.6]"
2026-06-26,0.264448003767931,0.47469094144599083,FIFA World Cup,1999.4817969663443,2147.5418586479723,-148.060061681628,4147.023655614316,2.6,1.0,3.6,2.7,0.9,3.6,4,4,1,60,1.0,4.0,1,0.2608610547860782,0.49846289769349716,0.7162935774075304,0.46069079045308975,0.24618916017574835,0.11118197791885534,0.0432032339349359,1.0356556,1.4819417,"(0.0, 0.3]"
2026-06-26,0.16664625835087682,0.580202963443374,FIFA World Cup,1932.326724657621,2186.9402761813885,-254.61355152376743,4119.26700083901,1.1,1.0,2.1,2.3,0.4,2.7,5,5,1,60,0.0,1.0,0,0.25315077820574944,0.39876292300378235,0.6609379897042862,0.3945934362873344,0.19352404883941532,0.07968025688830443,0.028114340742407533,0.7022026,1.5625637,"(0.0, 0.3]"
2026-06-26,0.1354570076957265,0.654492850388924,FIFA World Cup,1699.745013176938,1948.9320407433256,-249.18702756638777,3648.677053920264,0.9,1.9,2.8,2.6,0.7,3.3,5,5,1,60,1.0,5.0,1,0.2100501419153493,0.4459444510171975,0.7446719909659058,0.49742949285388116,0.277901313040272,0.13171096722508654,0.05382896691803115,0.73829645,1.9254225,"(0.0, 0.3]"
2026-06-26,0.30529905075144464,0.42241670388958086,FIFA World Cup,1840.8267544928824,1888.1180924726757,-47.2913379797933,3728.9448469655576,1.6,0.8,2.4,1.6,0.7,2.3,5,5,1,60,1.0,1.0,0,0.27228424535897455,0.4895563439103943,0.6973566370654216,0.4372869271917776,0.22690434481691413,0.09926309339564934,0.03731009755170007,1.091808,1.3350327,"(0.3, 0.45]"
2026-06-26,0.3766818242530307,0.3455044664019631,FIFA World Cup,1692.1690633188796,1703.281206122685,-11.112142803805456,3395.4502694415646,1.5,1.4,2.9,0.8,1.6,2.4,5,5,1,60,0.0,0.0,0,0.277813709345006,0.48380107055906885,0.6871842181412091,0.4250632326175781,0.2171117305441755,0.09337928559648018,0.03448202241698971,1.2220383,1.1579868,"(0.3, 0.45]"
2026-06-27,0.35149790896016575,0.373439803168524,FIFA World Cup,1895.7749880134,1907.4135037901783,-11.638515776778604,3803.1884918035785,1.9,0.7,2.6,2.5,0.7,3.2,5,5,1,60,3.0,3.0,1,0.27506228787131043,0.492743454816873,0.6962683171399137,0.435967809100098,0.22583851136402608,0.09861731777255735,0.036997230433124806,1.1881789,1.2335908,"(0.3, 0.45]"
2026-06-27,0.04047535627766021,0.8493579078880689,FIFA World Cup,1724.584015361779,2217.546508362531,-492.9624930007519,3942.1305237243096,1.4,1.8,3.2,2.6,0.2,2.8,5,5,1,60,1.0,3.0,1,0.1101667358342709,0.34490737065391014,0.8297568883508813,0.6215705914116169,0.39894192678411133,0.22038722706622202,0.1058223543183605,0.45968315,2.7484338,"(0.0, 0.3]"
2026-06-27,0.4576941636186288,0.27931793208770345,FIFA World Cup,2087.229506611915,2035.864112531481,51.3653940804345,4123.093619143397,2.0,0.8,2.8,2.4,0.8,3.2,4,4,1,60,0.0,0.0,0,0.26298790429366775,0.5029922331168919,0.7167783134837132,0.4613013743181775,0.24670198555586578,0.11150515191723948,0.04336634152703794,1.4489293,1.0710561,"(0.45, 0.6]"
2026-06-27,0.38264362865411844,0.32883318159710684,FIFA World Cup,1762.702455523454,1773.77954803305,-11.077092509596014,3536.4820035565035,1.0,0.6,1.6,1.0,1.7,2.7,4,4,1,60,3.0,1.0,1,0.2885231897487748,0.45045404015811674,0.6523621096926219,0.38496108366623455,0.18631220476009994,0.07563187844348523,0.02629806009622653,1.1680995,1.060563,"(0.3, 0.45]"
2026-06-27,0.1331047452303859,0.6661405200349066,FIFA World Cup,1780.5949706568424,2088.023489851665,-307.4285191948227,3868.6184605085073,1.4,1.5,2.9,2.1,0.4,2.5,4,4,1,60,0.0,2.0,0,0.20075473473470776,0.46780259999055673,0.7689232719034548,0.5305408834014753,0.308044372941381,0.15229241866108045,0.065068861897987,0.7740523,2.0260267,"(0.0, 0.3]"
2026-06-27,0.6871416189359233,0.12017374191074877,FIFA World Cup,1951.2429052372297,1703.189067144395,248.05383809283467,3654.4319723816247,1.7,1.4,3.1,1.0,1.3,2.3,4,4,1,60,2.0,1.0,1,0.1926846391533281,0.4556436732626151,0.7720092071668542,0.5348734463669744,0.3120980354676552,0.15513451950334647,0.06665960121889555,2.0834322,0.7348953,"(0.6, 0.75]"
2026-06-28,0.24409965691079022,0.4824962024343047,FIFA World Cup,1703.9746052825583,1850.6911274515132,-146.71652216895495,3554.665732734072,0.9,1.1,2.0,1.5,0.6,2.1,4,4,1,60,0.0,1.0,0,0.27340414065490515,0.44666018143434977,0.6676754638758866,0.4022721422528653,0.19935907402740716,0.08300678139723276,0.0296327681069474,0.9031917,1.3904465,"(0.0, 0.3]"
2026-06-29,0.46017519377808114,0.2871462050556428,FIFA World Cup,1995.2151913551209,1898.9402824720369,96.27490888308398,3894.155473827158,3.1,0.9,4.0,1.3,1.3,2.6,4,4,1,60,1.0,1.0,0,0.2526786011662761,0.5401118449283274,0.7519559934798897,0.5072072785981843,0.28665538098087523,0.13759492656917377,0.05700067438830602,1.5406463,1.1627619,"(0.45, 0.6]"
2026-06-29,0.4537436021497894,0.29739688785561513,FIFA World Cup,2090.2072943027174,1993.8834766135171,96.32381768920028,4084.090770916235,2.4,1.1,3.5,2.0,0.7,2.7,5,4,1,60,2.0,1.0,1,0.24885950999459533,0.5590033280831772,0.7678318963577148,0.5290212556913713,0.3066390819264157,0.15132618086460184,0.06454909139615425,1.5698452,1.2237762,"(0.45, 0.6]"
2026-06-29,0.37732196906742127,0.3659229562253812,FIFA World Cup,2046.5124660310717,2021.3812346268733,25.131231404198388,4067.893700657945,2.4,0.9,3.3,2.2,0.6,2.8,4,5,1,60,1.0,1.0,0,0.25675507470719733,0.5535610171264314,0.7559284330027063,0.5125990457101293,0.2915344724031436,0.1409067180395513,0.05879959415186594,1.3751674,1.3503305,"(0.3, 0.45]"
2026-06-30,0.8080917312326602,0.06909118622105824,FIFA World Cup,2178.9316229209367,1806.855868274592,372.07575464634465,3985.7874911955287,2.8,1.0,3.8,1.8,2.1,3.9,4,5,1,60,3.0,0.0,1,0.12281708254628133,0.5015065319344217,0.8791403980237648,0.7059442022363843,0.495160494024227,0.30276406993268346,0.16227357636586381,2.894092,0.7569761,"(0.75, 1.0]"
2026-06-30,0.26158180111469265,0.48742136068441383,FIFA World Cup,1852.915472067534,1968.09203269338,-115.17656062584616,3821.0075047609143,2.0,0.9,2.9,2.2,1.4,3.6,5,4,1,60,1.0,2.0,1,0.25099683820089363,0.5259599961303387,0.7449676618334513,0.4978278485280166,0.27826267155097856,0.1319622850526151,0.053976136668770165,1.0865276,1.5787473,"(0.0, 0.3]"
2026-06-30,0.5236790943526124,0.20703449230322252,FIFA World Cup,2010.442861660278,1989.587462301217,120.85539935906058,4000.030323961495,2.0,0.2,2.2,1.2,0.6,1.8,6,5,0,60,2.0,0.0,0,0.2692864133441652,0.4184497757683163,0.6539055155869395,0.3866829237259501,0.18759238623209307,0.07634512460400737,0.026615174097928285,1.4403285,0.7947805,"(0.45, 0.6]"
2026-07-01,0.447062300336636,0.29928393749581556,FIFA World Cup,1970.5779936319975,1898.3076162961104,72.27037733588713,3868.885609928109,3.1,0.8,3.9,1.7,1.3,3.0,5,5,1,60,3.0,2.0,1,0.25365376216754865,0.5442951455372529,0.7535009872109814,0.5092990356841882,0.2885434592386055,0.13887320406516973,0.057693156360405624,1.5173148,1.1946485,"(0.3, 0.45]"
2026-07-01,0.6615538231902207,0.12554159531273174,FIFA World Cup,2101.125648417968,1809.1366791783944,291.9889692395734,3910.2623275963624,2.0,0.4,2.4,1.2,0.7,1.9,4,4,1,60,2.0,1.0,1,0.21290458149704733,0.4120647761094182,0.720727615384772,0.46629252872367427,0.25090375969156326,0.1141528035814051,0.04469393966355837,1.8722292,0.6673824,"(0.6, 0.75]"
2026-07-01,0.7495880621256077,0.09221282555710016,FIFA World Cup,1875.093914986108,1685.8305447424034,289.26337024370446,3560.9244597285115,2.3,1.8,4.1,1.6,1.2,2.8,6,7,0,60,2.0,0.0,0,0.1581991123172918,0.4718148544384736,0.8234644316029228,0.6115909360745462,0.38842018357643165,0.21211739268332436,0.10069535828583291,2.4316187,0.7283436,"(0.6, 0.75]"
